sentence_id,verb_id,verb,verb_start_byte,verb_end_byte,verb_start_byte_text,verb_end_byte_text,subj_coref_ids,subj_start_byte,subj_end_byte,subj_start_byte_text,subj_end_byte_text,dobj_coref_ids,dobj_start_byte,dobj_end_byte,dobj_start_byte_text,dobj_end_byte_text,event_label
0,0,lived,22,27,22,27,,,,,,17,28.0,53.0,28.0,53.0,0
1,0,was,3,6,58,61,17,0.0,2.0,55.0,57.0,,7.0,24.0,62.0,79.0,0
1,1,had,44,47,99,102,18,35.0,43.0,90.0,98.0,"10,17",48.0,80.0,103.0,135.0,0
1,2,sent,55,59,110,114,10,48.0,54.0,103.0,109.0,17,60.0,80.0,115.0,135.0,1
1,3,cheer,63,68,118,123,10,48.0,54.0,103.0,109.0,17,69.0,80.0,124.0,135.0,1
1,4,was,105,108,160,163,,,,,,17,109.0,179.0,164.0,234.0,0
1,5,died,143,147,198,202,17,140.0,142.0,195.0,197.0,,,,,,1
1,7,laid,156,160,211,215,17,140.0,142.0,195.0,197.0,,161.0,179.0,216.0,234.0,1
2,0,went,17,21,253,257,17,14.0,16.0,250.0,252.0,,28.0,52.0,264.0,288.0,1
3,1,made,12,16,368,372,17,5.0,7.0,361.0,363.0,17,17.0,27.0,373.0,383.0,1
3,3,cut,38,41,394,397,17,29.0,31.0,385.0,387.0,,47.0,75.0,403.0,431.0,1
3,4,splitting,81,90,437,446,17,29.0,31.0,385.0,387.0,,91.0,95.0,447.0,451.0,1
3,6,would,137,142,493,498,17,29.0,31.0,385.0,387.0,,143.0,221.0,499.0,577.0,0
3,7,carry,143,148,499,504,17,29.0,31.0,385.0,387.0,,149.0,164.0,505.0,520.0,1
3,8,make,174,178,530,534,17,29.0,31.0,385.0,387.0,,182.0,221.0,538.0,577.0,1
3,9,gained,247,253,603,609,"25,17",227.0,246.0,583.0,602.0,,254.0,272.0,610.0,628.0,1
3,10,selling,276,283,632,639,"25,17",227.0,246.0,583.0,602.0,,284.0,288.0,640.0,644.0,1
4,1,gone,28,32,674,678,17,21.0,23.0,667.0,669.0,17,37.0,48.0,683.0,694.0,1
4,3,found,61,66,707,712,17,21.0,23.0,667.0,669.0,,67.0,90.0,713.0,736.0,1
6,0,Looking,0,7,899,906,,,,,,17,8.0,13.0,907.0,912.0,1
6,1,saw,34,37,933,936,17,31.0,33.0,930.0,932.0,,38.0,87.0,937.0,986.0,1
7,0,dropped,29,36,1017,1024,,0.0,11.0,988.0,999.0,17,37.0,43.0,1025.0,1031.0,1
8,0,saw,22,25,1082,1085,17,19.0,21.0,1079.0,1081.0,28,26.0,129.0,1086.0,1189.0,1
9,0,must,5,9,1323,1327,,,,,,372,10.0,32.0,1328.0,1350.0,0
9,2,sent,13,17,1331,1335,28,1.0,4.0,1319.0,1322.0,372,18.0,32.0,1336.0,1350.0,1
9,3,be,21,23,1339,1341,28,1.0,4.0,1319.0,1322.0,372,24.0,32.0,1342.0,1350.0,0
9,4,find,40,44,1358,1362,29,38.0,39.0,1356.0,1357.0,"29,28",45.0,96.0,1363.0,1414.0,1
9,5,lies,78,82,1396,1400,,,,,,29,83.0,96.0,1401.0,1414.0,0
9,6,said,99,103,1417,1421,"372,29,28",5.0,77.0,1323.0,1395.0,29,104.0,115.0,1422.0,1433.0,1
9,7,taking,121,127,1439,1445,,,,,,29,128.0,147.0,1446.0,1465.0,1
9,8,took,163,167,1481,1485,29,160.0,162.0,1478.0,1480.0,31,168.0,170.0,1486.0,1488.0,1
9,9,bring,191,196,1509,1514,29,160.0,162.0,1478.0,1480.0,,,,,,1
10,0,was,14,17,1533,1536,32,0.0,13.0,1519.0,1532.0,"33,32",18.0,55.0,1537.0,1574.0,0
10,1,put,76,79,1595,1598,33,62.0,75.0,1581.0,1594.0,32,80.0,83.0,1599.0,1602.0,1
10,2,safeguard,101,110,1620,1629,33,62.0,75.0,1581.0,1594.0,32,111.0,114.0,1630.0,1633.0,1
11,0,were,15,19,1702,1706,34,0.0,14.0,1687.0,1701.0,,24.0,34.0,1711.0,1721.0,0
11,2,been,47,51,1734,1738,,40.0,42.0,1727.0,1729.0,"34,35",52.0,108.0,1739.0,1795.0,0
11,3,had,80,83,1767,1770,34,75.0,79.0,1762.0,1766.0,35,84.0,108.0,1771.0,1795.0,1
11,4,expended,132,140,1819,1827,34,123.0,127.0,1810.0,1814.0,34,141.0,203.0,1828.0,1890.0,1
11,6,come,199,203,1886,1890,34,141.0,144.0,1828.0,1831.0,,204.0,211.0,1891.0,1898.0,1
12,0,found,37,42,1962,1967,29,19.0,30.0,1944.0,1955.0,,43.0,47.0,1968.0,1972.0,1
12,1,hewed,86,91,2011,2016,29,83.0,85.0,2008.0,2010.0,,92.0,96.0,2017.0,2021.0,1
12,2,cut,106,109,2031,2034,29,83.0,85.0,2008.0,2010.0,,110.0,114.0,2035.0,2039.0,1
13,0,became,64,70,2107,2113,29,61.0,63.0,2104.0,2106.0,,71.0,75.0,2114.0,2118.0,1
14,0,built,3,8,2123,2128,29,0.0,2.0,2120.0,2122.0,,17.0,29.0,2137.0,2149.0,1
14,2,known,49,54,2169,2174,29,0.0,2.0,2120.0,2122.0,39,55.0,84.0,2175.0,2204.0,0
15,1,had,68,71,2296,2299,41,51.0,67.0,2279.0,2295.0,,73.0,89.0,2301.0,2317.0,0
15,2,say,86,89,2314,2317,41,51.0,67.0,2279.0,2295.0,,,,,,1
15,3,become,91,97,2319,2325,41,51.0,67.0,2279.0,2295.0,42,98.0,115.0,2326.0,2343.0,0
15,5,did,139,142,2367,2370,43,120.0,138.0,2348.0,2366.0,41,146.0,154.0,2374.0,2382.0,1
15,6,dressed,159,166,2387,2394,43,120.0,138.0,2348.0,2366.0,41,167.0,170.0,2395.0,2398.0,1
16,0,was,4,7,2425,2428,41,0.0,3.0,2421.0,2424.0,"43,44,41",8.0,147.0,2429.0,2568.0,0
16,1,placed,42,48,2463,2469,43,37.0,41.0,2458.0,2462.0,",44,41",49.0,52.0,2470.0,2473.0,1
16,2,allowed,93,100,2514,2521,43,37.0,41.0,2458.0,2462.0,"43,41",101.0,147.0,2522.0,2568.0,1
16,3,see,111,114,2532,2535,,101.0,107.0,2522.0,2528.0,41,115.0,118.0,2536.0,2539.0,1
17,0,seemed,3,9,2573,2579,,,,,,41,10.0,139.0,2580.0,2709.0,1
17,2,made,25,29,2595,2599,41,16.0,19.0,2586.0,2589.0,,30.0,38.0,2600.0,2608.0,1
18,0,seemed,13,19,2724,2730,41,0.0,12.0,2711.0,2723.0,,,,,,1
18,1,have,23,27,2734,2738,41,0.0,12.0,2711.0,2723.0,47,28.0,61.0,2739.0,2772.0,1
19,0,felt,21,25,2795,2799,29,9.0,20.0,2783.0,2794.0,,26.0,29.0,2800.0,2803.0,1
19,1,had,34,37,2808,2811,,,,,,"29,49",38.0,99.0,2812.0,2873.0,0
19,2,look,46,50,2820,2824,29,31.0,33.0,2805.0,2807.0,49,51.0,75.0,2825.0,2849.0,1
19,3,vanished,91,99,2865,2873,29,80.0,90.0,2854.0,2864.0,,,,,,1
19,4,became,108,114,2882,2888,29,105.0,107.0,2879.0,2881.0,"50,29",115.0,146.0,2889.0,2920.0,1
19,5,was,135,138,2909,2912,29,132.0,134.0,2906.0,2908.0,50,139.0,146.0,2913.0,2920.0,0
20,2,called,80,86,3002,3008,34,65.0,79.0,2987.0,3001.0,,,,,,1
20,3,gave,122,126,3044,3048,29,119.0,121.0,3041.0,3043.0,"11,41",127.0,130.0,3049.0,3052.0,1
20,4,gave,180,184,3102,3106,41,171.0,179.0,3093.0,3101.0,"54,41",185.0,190.0,3107.0,3112.0,1
20,7,been,237,241,3159,3163,41,222.0,225.0,3144.0,3147.0,54,242.0,268.0,3164.0,3190.0,0
22,0,were,48,52,3311,3315,"34,56",0.0,47.0,3263.0,3310.0,,53.0,60.0,3316.0,3323.0,0
22,1,was,72,75,3335,3338,,66.0,71.0,3329.0,3334.0,"11,34",76.0,161.0,3339.0,3424.0,0
22,3,celebrate,119,128,3382,3391,,,,,,11,129.0,161.0,3392.0,3424.0,1
23,1,declared,21,29,3447,3455,58,0.0,20.0,3426.0,3446.0,59,30.0,78.0,3456.0,3504.0,1
23,4,seen,56,60,3482,3486,,,,,,59,61.0,78.0,3487.0,3504.0,1
24,0,would,64,69,3569,3574,,,,,,11,70.0,90.0,3575.0,3595.0,0
24,1,grow,70,74,3575,3579,,1.0,63.0,3506.0,3568.0,11,75.0,90.0,3580.0,3595.0,1
24,2,said,100,104,3605,3609,34,95.0,99.0,3600.0,3604.0,,,,,,1
25,0,spread,38,44,3649,3655,62,0.0,37.0,3611.0,3648.0,,,,,,1
25,1,were,68,72,3679,3683,63,63.0,67.0,3674.0,3678.0,64,73.0,143.0,3684.0,3754.0,0
26,0,posted,26,32,3782,3788,65,0.0,25.0,3756.0,3781.0,65,33.0,43.0,3789.0,3799.0,1
26,1,made,67,71,3823,3827,65,0.0,25.0,3756.0,3781.0,,72.0,97.0,3828.0,3853.0,1
26,2,catching,114,122,3870,3878,,,,,,62,123.0,148.0,3879.0,3904.0,1
26,3,went,156,160,3912,3916,62,152.0,155.0,3908.0,3911.0,,161.0,205.0,3917.0,3961.0,1
27,0,stayed,5,11,3968,3974,65,0.0,4.0,3963.0,3967.0,,12.0,17.0,3975.0,3980.0,0
27,1,sacrificing,33,44,3996,4007,65,0.0,4.0,3963.0,3967.0,65,45.0,61.0,4008.0,4024.0,1
27,2,seeing,78,84,4041,4047,,,,,,11,85.0,88.0,4048.0,4051.0,1
28,0,approached,10,20,4080,4090,65,5.0,9.0,4075.0,4079.0,,21.0,30.0,4091.0,4100.0,1
28,1,tried,36,41,4106,4111,65,5.0,9.0,4075.0,4079.0,"73,29,31",42.0,102.0,4112.0,4172.0,1
28,2,speak,45,50,4115,4120,65,5.0,9.0,4075.0,4079.0,"73,29,31",51.0,102.0,4121.0,4172.0,1
28,4,granted,126,133,4196,4203,,108.0,121.0,4178.0,4191.0,65,134.0,138.0,4204.0,4208.0,1
29,0,stayed,48,54,4258,4264,65,43.0,47.0,4253.0,4257.0,,,,,,0
29,1,counted,100,107,4310,4317,65,43.0,47.0,4253.0,4257.0,,108.0,110.0,4318.0,4320.0,1
29,2,was,132,135,4342,4345,,111.0,121.0,4321.0,4331.0,"62,65",136.0,168.0,4346.0,4378.0,0
29,3,see,152,155,4362,4365,,,,,,62,156.0,168.0,4366.0,4378.0,1
30,0,seeing,35,41,4415,4421,76,18.0,33.0,4398.0,4413.0,65,42.0,70.0,4422.0,4450.0,1
30,1,was,67,70,4447,4450,65,42.0,54.0,4422.0,4434.0,,,,,,0
30,2,lost,72,76,4452,4456,76,18.0,33.0,4398.0,4413.0,,77.0,82.0,4457.0,4462.0,1
30,3,hope,87,91,4467,4471,76,18.0,33.0,4398.0,4413.0,,92.0,96.0,4472.0,4476.0,0
30,4,returned,102,110,4482,4490,76,18.0,33.0,4398.0,4413.0,65,111.0,125.0,4491.0,4505.0,1
32,0,went,20,24,4640,4644,80,0.0,14.0,4620.0,4634.0,,,,,,1
32,1,took,50,54,4670,4674,80,0.0,14.0,4620.0,4634.0,80,55.0,63.0,4675.0,4683.0,1
32,2,could,81,86,4701,4706,,,,,,80,87.0,106.0,4707.0,4726.0,0
32,3,get,87,90,4707,4710,80,76.0,80.0,4696.0,4700.0,80,91.0,106.0,4711.0,4726.0,0
32,4,brought,91,98,4711,4718,80,67.0,75.0,4687.0,4695.0,80,99.0,106.0,4719.0,4726.0,1
32,6,stand,134,139,4754,4759,80,116.0,120.0,4736.0,4740.0,,140.0,160.0,4760.0,4780.0,1
33,0,stood,5,10,4787,4792,80,0.0,4.0,4782.0,4786.0,,11.0,16.0,4793.0,4798.0,1
34,0,wrote,15,20,4856,4861,80,10.0,14.0,4851.0,4855.0,62,21.0,28.0,4862.0,4869.0,1
34,2,vouchsafed,64,74,4905,4915,,,,,,80,75.0,82.0,4916.0,4923.0,1
35,2,wrote,49,54,4974,4979,80,44.0,48.0,4969.0,4973.0,62,55.0,60.0,4980.0,4985.0,1
35,3,telling,68,75,4993,5000,,,,,,"80,62",76.0,79.0,5001.0,5004.0,1
35,4,kept,107,111,5032,5036,,83.0,100.0,5008.0,5025.0,80,112.0,116.0,5037.0,5041.0,1
36,0,gave,24,28,5127,5131,12,0.0,23.0,5103.0,5126.0,12,29.0,68.0,5132.0,5171.0,1
36,2,received,47,55,5150,5158,12,0.0,23.0,5103.0,5126.0,12,56.0,68.0,5159.0,5171.0,1
39,3,kept,141,145,5447,5451,85,118.0,140.0,5424.0,5446.0,,146.0,151.0,5452.0,5457.0,0
39,5,waited,156,162,5462,5468,85,118.0,140.0,5424.0,5446.0,,,,,,0
40,0,called,37,43,5507,5513,80,32.0,36.0,5502.0,5506.0,86,48.0,90.0,5518.0,5560.0,1
40,1,entreated,77,86,5547,5556,80,32.0,36.0,5502.0,5506.0,86,87.0,90.0,5557.0,5560.0,1
40,2,have,94,98,5564,5568,80,32.0,36.0,5502.0,5506.0,80,99.0,119.0,5569.0,5589.0,1
40,3,show,127,131,5597,5601,80,32.0,36.0,5502.0,5506.0,"80,62",132.0,136.0,5602.0,5606.0,1
40,4,answered,158,166,5628,5636,86,155.0,157.0,5625.0,5627.0,"86,62,88",172.0,176.0,5642.0,5646.0,1
40,5,was,183,186,5653,5656,86,180.0,182.0,5650.0,5652.0,88,191.0,206.0,5661.0,5676.0,0
40,7,insist,220,226,5690,5696,86,207.0,209.0,5677.0,5679.0,"86,62",227.0,264.0,5697.0,5734.0,1
40,8,obeying,234,241,5704,5711,62,230.0,233.0,5700.0,5703.0,86,242.0,245.0,5712.0,5715.0,1
41,1,returned,48,56,5784,5792,89,0.0,47.0,5736.0,5783.0,89,57.0,79.0,5793.0,5815.0,1
41,2,pondered,85,93,5821,5829,89,0.0,47.0,5736.0,5783.0,"91,89",94.0,193.0,5830.0,5929.0,1
41,3,touching,117,125,5853,5861,,,,,,91,126.0,152.0,5862.0,5888.0,1
41,4,grant,173,178,5909,5914,,,,,,89,179.0,183.0,5915.0,5919.0,1
42,0,took,5,9,5936,5940,89,0.0,4.0,5931.0,5935.0,89,10.0,24.0,5941.0,5955.0,1
42,1,knelt,37,42,5968,5973,89,0.0,4.0,5931.0,5935.0,,,,,,1
42,2,burned,79,85,6010,6016,89,0.0,4.0,5931.0,5935.0,,86.0,102.0,6017.0,6033.0,1
42,3,praying,104,111,6035,6042,89,0.0,4.0,5931.0,5935.0,"13,89",112.0,121.0,6043.0,6052.0,1
42,4,give,125,129,6056,6060,,,,,,89,130.0,134.0,6061.0,6065.0,1
43,1,could,43,48,6131,6136,,,,,,89,53.0,72.0,6141.0,6160.0,0
43,2,rest,53,57,6141,6145,89,38.0,42.0,6126.0,6130.0,,,,,,0
44,0,set,14,17,6176,6179,89,9.0,13.0,6171.0,6175.0,94,22.0,51.0,6184.0,6213.0,1
45,0,came,22,26,6237,6241,29,10.0,21.0,6225.0,6236.0,,,,,,1
45,1,see,34,37,6249,6252,29,10.0,21.0,6225.0,6236.0,89,38.0,42.0,6253.0,6257.0,1
45,2,asked,53,58,6268,6273,89,48.0,52.0,6263.0,6267.0,"98,29,62,89",59.0,62.0,6274.0,6277.0,1
45,3,let,66,69,6281,6284,29,59.0,62.0,6274.0,6277.0,"98,62,89",70.0,147.0,6285.0,6362.0,1
45,4,know,75,79,6290,6294,89,70.0,74.0,6285.0,6289.0,"98,62",80.0,147.0,6295.0,6362.0,1
45,5,was,86,89,6301,6304,,,,,,"98,62",90.0,115.0,6305.0,6330.0,0
45,6,see,125,128,6340,6343,,90.0,93.0,6305.0,6308.0,98,129.0,147.0,6344.0,6362.0,1
45,7,implored,158,166,6373,6381,89,153.0,157.0,6368.0,6372.0,"29,62,89",167.0,170.0,6382.0,6385.0,1
45,8,speak,174,179,6389,6394,29,167.0,170.0,6382.0,6385.0,,,,,,1
45,9,tell,196,200,6411,6415,29,167.0,170.0,6382.0,6385.0,"62,89",201.0,204.0,6416.0,6419.0,1
45,11,waited,256,262,6471,6477,89,247.0,251.0,6462.0,6466.0,,,,,,0
45,12,winning,412,419,6627,6634,,,,,,62,420.0,423.0,6635.0,6638.0,1
45,13,were,434,438,6649,6653,89,429.0,433.0,6644.0,6648.0,"62,89",439.0,557.0,6654.0,6772.0,0
45,14,consider,450,458,6665,6673,89,429.0,433.0,6644.0,6648.0,,459.0,474.0,6674.0,6689.0,1
45,15,would,494,499,6709,6714,62,490.0,493.0,6705.0,6708.0,,,,,,0
45,16,give,504,508,6719,6723,62,490.0,493.0,6705.0,6708.0,"62,89",509.0,513.0,6724.0,6728.0,1
45,17,pleading,528,536,6743,6751,,,,,,"62,89",537.0,548.0,6752.0,6763.0,1
46,0,lent,12,16,6786,6790,29,0.0,11.0,6774.0,6785.0,89,17.0,30.0,6791.0,6804.0,1
46,1,felt,81,85,6855,6859,29,78.0,80.0,6852.0,6854.0,100,86.0,118.0,6860.0,6892.0,1
46,4,liked,134,139,6908,6913,29,78.0,80.0,6852.0,6854.0,"102,101",140.0,196.0,6914.0,6970.0,1
46,5,see,143,146,6917,6920,29,78.0,80.0,6852.0,6854.0,"102,101",147.0,196.0,6921.0,6970.0,1
46,6,married,174,181,6948,6955,101,147.0,173.0,6921.0,6947.0,102,182.0,196.0,6956.0,6970.0,1
47,0,went,6,10,6978,6982,29,3.0,5.0,6975.0,6977.0,11,14.0,35.0,6986.0,7007.0,1
47,1,said,40,44,7012,7016,29,3.0,5.0,6975.0,6977.0,"11,373,29,374",45.0,55.0,7017.0,7027.0,1
47,3,seemed,83,89,7055,7061,,,,,,"373,29",90.0,95.0,7062.0,7067.0,1
47,4,be,99,101,7071,7073,11,67.0,70.0,7039.0,7042.0,373,102.0,118.0,7074.0,7090.0,0
47,6,had,131,134,7103,7106,29,124.0,125.0,7096.0,7097.0,"11,374",135.0,181.0,7107.0,7153.0,1
47,7,bringing,150,158,7122,7130,,,,,,11,159.0,162.0,7131.0,7134.0,1
47,9,been,195,199,7167,7171,11,186.0,189.0,7158.0,7161.0,29,200.0,233.0,7172.0,7205.0,0
48,0,Will,0,4,7207,7211,,,,,,"11,29",5.0,31.0,7212.0,7238.0,0
48,1,refuse,9,15,7216,7222,11,5.0,8.0,7212.0,7215.0,29,16.0,31.0,7223.0,7238.0,1
48,2,do,19,21,7226,7228,11,5.0,8.0,7212.0,7215.0,,,,,,1
48,3,wish,27,31,7234,7238,29,25.0,26.0,7232.0,7233.0,,,,,,1
49,0,replied,24,31,7265,7272,11,5.0,23.0,7246.0,7264.0,"11,103,29",32.0,211.0,7273.0,7452.0,1
49,1,was,43,46,7284,7287,,,,,,"11,103,29",47.0,211.0,7288.0,7452.0,0
49,3,do,69,71,7310,7312,11,47.0,54.0,7288.0,7295.0,29,72.0,79.0,7313.0,7320.0,1
49,4,honored,90,97,7331,7338,11,86.0,89.0,7327.0,7330.0,29,108.0,111.0,7349.0,7352.0,1
49,5,loved,102,107,7343,7348,11,86.0,89.0,7327.0,7330.0,29,108.0,111.0,7349.0,7352.0,1
49,7,remember,169,177,7410,7418,11,155.0,158.0,7396.0,7399.0,11,178.0,211.0,7419.0,7452.0,1
49,8,came,198,202,7439,7443,11,194.0,197.0,7435.0,7438.0,,203.0,211.0,7444.0,7452.0,1
50,0,listened,12,20,7466,7474,29,0.0,11.0,7454.0,7465.0,,,,,,1
50,1,spoke,43,48,7497,7502,11,39.0,42.0,7493.0,7496.0,,49.0,68.0,7503.0,7522.0,1
51,0,told,8,12,7532,7536,29,5.0,7.0,7529.0,7531.0,"11,29",13.0,16.0,7537.0,7540.0,1
51,1,was,32,35,7556,7559,29,17.0,28.0,7541.0,7552.0,"11,29",39.0,88.0,7563.0,7612.0,0
51,2,see,39,42,7563,7566,,,,,,11,43.0,73.0,7567.0,7597.0,1
51,3,married,66,73,7590,7597,11,43.0,46.0,7567.0,7570.0,,,,,,0
51,4,died,84,88,7608,7612,29,81.0,83.0,7605.0,7607.0,,,,,,1
52,0,am,3,5,7617,7619,29,1.0,2.0,7615.0,7616.0,375,6.0,16.0,7620.0,7630.0,0
52,2,come,60,64,7674,7678,29,49.0,55.0,7663.0,7669.0,,,,,,1
53,0,is,3,5,7696,7698,,,,,,"11,376",6.0,25.0,7699.0,7718.0,0
53,2,see,42,45,7735,7738,11,31.0,34.0,7724.0,7727.0,376,46.0,64.0,7739.0,7757.0,1
53,3,choose,69,75,7762,7768,11,31.0,34.0,7724.0,7727.0,376,76.0,87.0,7769.0,7780.0,1
54,1,must,43,47,7826,7830,,,,,,106,48.0,57.0,7831.0,7840.0,0
54,2,do,50,52,7833,7835,106,48.0,49.0,7831.0,7832.0,,53.0,57.0,7836.0,7840.0,1
55,0,have,2,6,7844,7848,106,0.0,1.0,7842.0,7843.0,,7.0,27.0,7849.0,7869.0,1
55,1,marry,18,23,7860,7865,106,0.0,1.0,7842.0,7843.0,,,,,,1
56,0,found,3,8,7875,7880,29,1.0,2.0,7873.0,7874.0,11,9.0,12.0,7881.0,7884.0,1
56,1,answered,15,23,7887,7895,29,1.0,2.0,7873.0,7874.0,29,24.0,35.0,7896.0,7907.0,1
56,2,were,63,67,7935,7939,11,59.0,62.0,7931.0,7934.0,,68.0,85.0,7940.0,7957.0,0
57,2,hid,53,56,8067,8070,11,44.0,47.0,8058.0,8061.0,,,,,,1
57,3,led,61,64,8075,8078,,0.0,9.0,8014.0,8023.0,"11,29",65.0,67.0,8079.0,8081.0,1
58,1,thought,17,24,8107,8114,29,3.0,4.0,8093.0,8094.0,"11,378",25.0,61.0,8115.0,8151.0,1
58,2,were,34,38,8124,8128,11,30.0,33.0,8120.0,8123.0,378,39.0,61.0,8129.0,8151.0,0
59,0,am,8,10,8161,8163,29,6.0,7.0,8159.0,8160.0,,11.0,16.0,8164.0,8169.0,0
59,1,is,20,22,8173,8175,,,,,,11,23.0,28.0,8176.0,8181.0,0
59,2,remain,40,46,8193,8199,11,33.0,36.0,8186.0,8189.0,,47.0,49.0,8200.0,8202.0,0
59,3,are,54,57,8207,8210,11,50.0,53.0,8203.0,8206.0,,,,,,0
59,4,wish,65,69,8218,8222,11,61.0,64.0,8214.0,8217.0,,70.0,78.0,8223.0,8231.0,1
59,5,do,73,75,8226,8228,11,61.0,64.0,8214.0,8217.0,,76.0,78.0,8229.0,8231.0,0
59,7,cease,101,106,8254,8259,29,93.0,94.0,8246.0,8247.0,,107.0,112.0,8260.0,8265.0,0
59,8,be,110,112,8263,8265,29,93.0,94.0,8246.0,8247.0,,,,,,0
59,9,will,121,125,8274,8278,,,,,,11,126.0,142.0,8279.0,8295.0,0
59,10,take,126,130,8279,8283,,,,,,11,131.0,135.0,8284.0,8288.0,1
60,0,pray,12,16,8314,8318,29,10.0,11.0,8312.0,8313.0,"11,379,102",17.0,20.0,8319.0,8322.0,1
60,1,meet,24,28,8326,8330,11,17.0,20.0,8319.0,8322.0,379,29.0,49.0,8331.0,8351.0,1
60,2,make,68,72,8370,8374,11,17.0,20.0,8319.0,8322.0,"11,102",76.0,85.0,8378.0,8387.0,1
60,3,marry,89,94,8391,8396,11,17.0,20.0,8319.0,8322.0,102,95.0,106.0,8397.0,8408.0,1
61,0,answered,18,26,8429,8437,62,5.0,17.0,8416.0,8428.0,"62,109",27.0,235.0,8438.0,8646.0,1
61,1,felt,36,40,8447,8451,62,32.0,35.0,8443.0,8446.0,"62,109",41.0,235.0,8452.0,8646.0,1
61,2,was,55,58,8466,8469,62,51.0,54.0,8462.0,8465.0,,63.0,93.0,8474.0,8504.0,0
61,4,made,94,98,8505,8509,,87.0,93.0,8498.0,8504.0,62,99.0,112.0,8510.0,8523.0,1
61,6,consented,135,144,8546,8555,62,131.0,134.0,8542.0,8545.0,109,145.0,169.0,8556.0,8580.0,1
61,7,marry,148,153,8559,8564,62,131.0,134.0,8542.0,8545.0,109,154.0,169.0,8565.0,8580.0,1
61,8,knowing,182,189,8593,8600,,,,,,62,190.0,193.0,8601.0,8604.0,1
62,1,feel,18,22,8666,8670,62,6.0,9.0,8654.0,8657.0,,23.0,35.0,8671.0,8683.0,1
62,2,told,60,64,8708,8712,112,49.0,59.0,8697.0,8707.0,"62,113",65.0,68.0,8713.0,8716.0,1
62,3,were,74,78,8722,8726,,69.0,73.0,8717.0,8721.0,113,79.0,93.0,8727.0,8741.0,0
62,5,feel,107,111,8755,8759,62,95.0,98.0,8743.0,8746.0,,112.0,131.0,8760.0,8779.0,1
63,0,say,9,12,8790,8793,62,5.0,8.0,8786.0,8789.0,,13.0,31.0,8794.0,8812.0,1
63,1,is,13,15,8794,8796,62,1.0,12.0,8782.0,8793.0,,16.0,31.0,8797.0,8812.0,0
63,2,said,34,38,8815,8819,62,1.0,31.0,8782.0,8812.0,29,39.0,50.0,8820.0,8831.0,1
63,4,consent,83,90,8864,8871,62,79.0,82.0,8860.0,8863.0,,91.0,97.0,8872.0,8878.0,1
63,5,see,94,97,8875,8878,"381,62",57.0,73.0,8838.0,8854.0,,,,,,1
64,1,call,9,13,8889,8893,29,0.0,1.0,8880.0,8881.0,382,14.0,77.0,8894.0,8957.0,1
65,1,stood,10,15,8969,8974,382,0.0,4.0,8959.0,8963.0,,16.0,34.0,8975.0,8993.0,1
65,2,denying,76,83,9035,9042,382,0.0,4.0,8959.0,8963.0,382,84.0,94.0,9043.0,9053.0,1
65,4,may,123,126,9082,9085,,,,,,62,127.0,134.0,9086.0,9093.0,0
65,5,win,127,130,9086,9089,382,118.0,122.0,9077.0,9081.0,62,131.0,134.0,9090.0,9093.0,1
66,1,demand,18,24,9113,9119,62,0.0,9.0,9095.0,9104.0,,,,,,1
67,0,said,24,28,9146,9150,11,5.0,23.0,9127.0,9145.0,11,29.0,124.0,9151.0,9246.0,1
67,1,must,33,37,9155,9159,11,29.0,32.0,9151.0,9154.0,,38.0,70.0,9160.0,9192.0,0
67,2,make,38,42,9160,9164,11,29.0,32.0,9151.0,9154.0,,43.0,70.0,9165.0,9192.0,1
67,3,would,82,87,9204,9209,,,,,,11,88.0,124.0,9210.0,9246.0,0
67,4,grant,88,93,9210,9215,11,78.0,81.0,9200.0,9203.0,11,94.0,124.0,9216.0,9246.0,1
67,5,interview,111,120,9233,9242,,,,,,11,121.0,124.0,9243.0,9246.0,1
68,0,were,18,22,9266,9270,115,0.0,17.0,9248.0,9265.0,11,23.0,124.0,9271.0,9372.0,0
68,1,prove,26,31,9274,9279,115,0.0,17.0,9248.0,9265.0,,32.0,42.0,9280.0,9290.0,1
68,2,bringing,51,59,9299,9307,,,,,,"11,",60.0,63.0,9308.0,9311.0,1
68,3,desired,106,113,9354,9361,11,102.0,105.0,9350.0,9353.0,,114.0,124.0,9362.0,9372.0,1
68,4,possess,117,124,9365,9372,11,87.0,96.0,9335.0,9344.0,,,,,,1
69,0,arrived,30,37,9404,9411,117,18.0,29.0,9392.0,9403.0,,,,,,1
69,1,began,42,47,9416,9421,117,18.0,29.0,9392.0,9403.0,117,48.0,156.0,9422.0,9530.0,1
69,2,play,51,55,9425,9429,117,18.0,29.0,9392.0,9403.0,117,56.0,68.0,9430.0,9442.0,1
69,3,sing,85,89,9459,9463,117,18.0,29.0,9392.0,9403.0,117,90.0,156.0,9464.0,9530.0,1
70,0,went,18,22,9550,9554,94,0.0,17.0,9532.0,9549.0,,27.0,34.0,9559.0,9566.0,1
70,1,offered,39,46,9571,9578,94,0.0,17.0,9532.0,9549.0,"49,94",47.0,51.0,9579.0,9583.0,1
70,6,win,145,148,9677,9680,,,,,,49,149.0,168.0,9681.0,9700.0,1
71,0,gave,8,12,9710,9714,94,5.0,7.0,9707.0,9709.0,94,13.0,17.0,9715.0,9719.0,1
71,2,consent,46,53,9748,9755,94,36.0,39.0,9738.0,9741.0,,54.0,72.0,9756.0,9774.0,1
71,3,marry,57,62,9759,9764,94,36.0,39.0,9738.0,9741.0,,63.0,72.0,9765.0,9774.0,1
71,4,was,73,76,9775,9778,94,31.0,72.0,9733.0,9774.0,94,77.0,119.0,9779.0,9821.0,0
71,5,bringing,91,99,9793,9801,,,,,,94,100.0,103.0,9802.0,9805.0,1
71,6,wanted,113,119,9815,9821,94,104.0,108.0,9806.0,9810.0,,,,,,1
73,0,accepted,13,21,9859,9867,120,0.0,12.0,9846.0,9858.0,,22.0,31.0,9868.0,9877.0,1
73,1,thought,37,44,9883,9890,120,0.0,12.0,9846.0,9858.0,120,45.0,109.0,9891.0,9955.0,1
73,2,would,74,79,9920,9925,,,,,,120,80.0,109.0,9926.0,9955.0,0
73,3,prevent,80,87,9926,9933,,71.0,73.0,9917.0,9919.0,120,88.0,109.0,9934.0,9955.0,1
74,0,sent,24,28,9981,9985,11,0.0,18.0,9957.0,9975.0,121,29.0,33.0,9986.0,9990.0,1
74,1,requested,63,72,10020,10029,11,59.0,62.0,10016.0,10019.0,"11,13,121",73.0,76.0,10030.0,10033.0,1
74,2,bring,80,85,10037,10042,121,73.0,76.0,10030.0,10033.0,"11,13",86.0,89.0,10043.0,10046.0,1
74,4,belonged,115,123,10072,10080,,90.0,104.0,10047.0,10061.0,13,124.0,133.0,10081.0,10090.0,0
75,1,asked,22,27,10123,10128,122,0.0,17.0,10101.0,10118.0,,28.0,58.0,10129.0,10159.0,1
75,2,go,31,33,10132,10134,122,0.0,17.0,10101.0,10118.0,,34.0,58.0,10135.0,10159.0,1
75,6,bring,107,112,10208,10213,122,0.0,17.0,10101.0,10118.0,11,113.0,116.0,10214.0,10217.0,1
77,1,told,21,25,10398,10402,124,0.0,16.0,10377.0,10393.0,11,26.0,94.0,10403.0,10471.0,1
77,3,search,45,51,10422,10428,124,0.0,16.0,10377.0,10393.0,,52.0,68.0,10429.0,10445.0,1
77,4,bring,76,81,10453,10458,124,0.0,16.0,10377.0,10393.0,11,82.0,85.0,10459.0,10462.0,1
78,1,told,22,26,10495,10499,14,0.0,17.0,10473.0,10490.0,11,27.0,138.0,10500.0,10611.0,1
78,2,search,30,36,10503,10509,14,0.0,17.0,10473.0,10490.0,11,37.0,138.0,10510.0,10611.0,1
78,5,bring,116,121,10589,10594,,,,,,11,122.0,131.0,10595.0,10604.0,1
79,0,was,17,20,10630,10633,15,0.0,16.0,10613.0,10629.0,11,21.0,107.0,10634.0,10720.0,0
79,1,find,24,28,10637,10641,15,0.0,16.0,10613.0,10629.0,11,29.0,107.0,10642.0,10720.0,1
79,3,bring,85,90,10698,10703,,29.0,40.0,10642.0,10653.0,11,91.0,100.0,10704.0,10713.0,1
80,0,thought,12,19,10734,10741,29,0.0,11.0,10722.0,10733.0,,20.0,41.0,10742.0,10763.0,1
80,1,hesitated,46,55,10768,10777,29,0.0,11.0,10722.0,10733.0,,56.0,77.0,10778.0,10799.0,0
80,2,carry,59,64,10781,10786,29,0.0,11.0,10722.0,10733.0,,65.0,77.0,10787.0,10799.0,1
80,3,would,96,101,10818,10823,62,83.0,95.0,10805.0,10817.0,,102.0,126.0,10824.0,10848.0,0
80,4,make,102,106,10824,10828,62,83.0,95.0,10805.0,10817.0,,107.0,126.0,10829.0,10848.0,1
81,1,issued,21,27,10871,10877,,,,,,128,28.0,41.0,10878.0,10891.0,1
81,5,were,106,110,10956,10960,,45.0,57.0,10895.0,10907.0,128,115.0,206.0,10965.0,11056.0,0
81,6,disheartened,115,127,10965,10977,,45.0,57.0,10895.0,10907.0,128,142.0,206.0,10992.0,11056.0,1
81,7,disgusted,132,141,10982,10991,,45.0,57.0,10895.0,10907.0,128,142.0,206.0,10992.0,11056.0,1
81,8,seemed,150,156,11000,11006,,145.0,149.0,10995.0,10999.0,128,157.0,164.0,11007.0,11014.0,1
81,9,given,196,201,11046,11051,,186.0,195.0,11036.0,11045.0,128,202.0,206.0,11052.0,11056.0,1
81,10,returned,211,219,11061,11069,,,,,,128,220.0,238.0,11070.0,11088.0,1
82,0,thought,28,35,11129,11136,128,23.0,27.0,11124.0,11128.0,62,36.0,51.0,11137.0,11152.0,1
82,1,revived,78,85,11179,11186,128,53.0,77.0,11154.0,11178.0,,,,,,1
82,2,resolved,104,112,11205,11213,128,99.0,103.0,11200.0,11204.0,"62,128",113.0,163.0,11214.0,11264.0,1
82,3,make,116,120,11217,11221,128,99.0,103.0,11200.0,11204.0,"62,128",121.0,163.0,11222.0,11264.0,1
82,4,get,135,138,11236,11239,,,,,,"62,128",139.0,163.0,11240.0,11264.0,1
82,5,desired,148,155,11249,11256,62,139.0,143.0,11240.0,11244.0,128,156.0,163.0,11257.0,11264.0,1
83,0,sent,17,21,11283,11287,16,0.0,16.0,11266.0,11282.0,,22.0,26.0,11288.0,11292.0,1
83,2,starting,55,63,11321,11329,29,48.0,50.0,11314.0,11316.0,,,,,,1
83,3,hoped,115,120,11381,11386,29,112.0,114.0,11378.0,11380.0,62,121.0,144.0,11387.0,11410.0,1
83,4,bring,129,134,11395,11400,29,112.0,114.0,11378.0,11380.0,62,135.0,137.0,11401.0,11403.0,1
84,0,had,7,10,11419,11422,29,4.0,6.0,11416.0,11418.0,,15.0,53.0,11427.0,11465.0,1
84,1,go,30,32,11442,11444,29,4.0,6.0,11416.0,11418.0,,33.0,53.0,11445.0,11465.0,1
84,4,went,128,132,11540,11544,29,125.0,127.0,11537.0,11539.0,,133.0,163.0,11545.0,11575.0,1
84,5,took,168,172,11580,11584,29,125.0,127.0,11537.0,11539.0,,173.0,185.0,11585.0,11597.0,1
84,6,paying,208,214,11620,11626,29,125.0,127.0,11537.0,11539.0,"134,",215.0,225.0,11627.0,11637.0,1
85,0,wrapped,8,15,11675,11682,29,0.0,2.0,11667.0,11669.0,,16.0,18.0,11683.0,11685.0,1
85,1,waiting,43,50,11710,11717,29,0.0,2.0,11667.0,11669.0,,,,,,1
85,2,returned,76,84,11743,11751,29,0.0,2.0,11667.0,11669.0,,,,,,1
85,3,carried,89,96,11756,11763,29,0.0,2.0,11667.0,11669.0,29,97.0,99.0,11764.0,11766.0,1
86,0,wondered,19,27,11802,11810,11,0.0,18.0,11783.0,11801.0,16,28.0,72.0,11811.0,11855.0,1
86,3,returned,56,64,11839,11847,16,33.0,43.0,11816.0,11826.0,,,,,,1
87,0,took,4,8,11861,11865,11,0.0,3.0,11857.0,11860.0,,9.0,17.0,11866.0,11874.0,1
87,1,expecting,42,51,11899,11908,11,0.0,3.0,11857.0,11860.0,,52.0,85.0,11909.0,11942.0,1
87,5,knew,123,127,11980,11984,11,119.0,122.0,11976.0,11979.0,13,128.0,184.0,11985.0,12041.0,1
87,6,was,136,139,11993,11996,,133.0,135.0,11990.0,11992.0,13,140.0,184.0,11997.0,12041.0,0
88,0,returned,4,12,12047,12055,11,0.0,3.0,12043.0,12046.0,,13.0,15.0,12056.0,12058.0,1
88,1,refused,28,35,12071,12078,11,0.0,3.0,12043.0,12046.0,29,36.0,46.0,12079.0,12089.0,1
88,2,see,39,42,12082,12085,11,0.0,3.0,12043.0,12046.0,29,43.0,46.0,12086.0,12089.0,1
89,0,threw,11,16,12102,12107,137,0.0,10.0,12091.0,12101.0,,17.0,25.0,12108.0,12116.0,1
89,1,returned,35,43,12126,12134,137,0.0,10.0,12091.0,12101.0,137,44.0,55.0,12135.0,12146.0,1
90,0,gave,3,7,12162,12166,137,0.0,2.0,12159.0,12161.0,62,15.0,53.0,12174.0,12212.0,1
90,1,winning,33,40,12192,12199,,,,,,62,41.0,53.0,12200.0,12212.0,1
91,0,told,18,22,12232,12236,122,0.0,17.0,12214.0,12231.0,"11,137,141",23.0,34.0,12237.0,12248.0,1
91,1,needed,43,49,12257,12263,137,40.0,42.0,12254.0,12256.0,,50.0,63.0,12264.0,12277.0,1
91,2,was,87,90,12301,12304,137,84.0,86.0,12298.0,12300.0,"11,141,137",91.0,187.0,12305.0,12401.0,0
91,3,tell,102,106,12316,12320,137,84.0,86.0,12298.0,12300.0,"11,137,141",107.0,111.0,12321.0,12325.0,1
91,4,was,149,152,12363,12366,11,117.0,148.0,12331.0,12362.0,"141,137",153.0,187.0,12367.0,12401.0,0
91,5,leaving,175,182,12389,12396,137,171.0,174.0,12385.0,12388.0,141,183.0,187.0,12397.0,12401.0,1
92,0,left,8,12,12411,12415,137,0.0,2.0,12403.0,12405.0,137,13.0,21.0,12416.0,12424.0,1
92,1,sending,40,47,12443,12450,137,0.0,2.0,12403.0,12405.0,62,48.0,52.0,12451.0,12455.0,1
92,3,setting,81,88,12484,12491,137,74.0,76.0,12477.0,12479.0,,93.0,108.0,12496.0,12511.0,1
92,4,getting,124,131,12527,12534,,,,,,62,132.0,135.0,12535.0,12538.0,1
92,5,wished,191,197,12594,12600,62,179.0,182.0,12582.0,12585.0,,198.0,205.0,12601.0,12608.0,1
92,6,have,201,205,12604,12608,62,148.0,172.0,12551.0,12575.0,,,,,,1
93,0,allowed,8,15,12618,12625,137,0.0,2.0,12610.0,12612.0,"144,137",16.0,54.0,12626.0,12664.0,1
93,1,accompany,32,41,12642,12651,144,16.0,28.0,12626.0,12638.0,137,42.0,45.0,12652.0,12655.0,1
93,2,sent,65,69,12675,12679,137,0.0,2.0,12610.0,12612.0,144,70.0,74.0,12680.0,12684.0,1
94,0,reached,3,10,12694,12701,137,0.0,2.0,12691.0,12693.0,,11.0,23.0,12702.0,12714.0,1
94,1,embarked,28,36,12719,12727,137,0.0,2.0,12691.0,12693.0,,37.0,52.0,12728.0,12743.0,1
94,3,landed,95,101,12786,12792,137,92.0,94.0,12783.0,12785.0,,,,,,1
94,4,employed,106,114,12797,12805,137,92.0,94.0,12783.0,12785.0,"137,147",115.0,133.0,12806.0,12824.0,1
94,5,build,137,142,12828,12833,147,115.0,133.0,12806.0,12824.0,137,143.0,146.0,12834.0,12837.0,1
95,0,shut,8,12,12914,12918,137,0.0,2.0,12906.0,12908.0,137,13.0,20.0,12919.0,12926.0,1
95,1,endeavored,55,65,12961,12971,137,0.0,2.0,12906.0,12908.0,"62,137",66.0,206.0,12972.0,13112.0,1
95,2,make,69,73,12975,12979,,,,,,137,74.0,117.0,12980.0,13023.0,1
95,3,thought,110,117,13016,13023,137,107.0,109.0,13013.0,13015.0,62,118.0,206.0,13024.0,13112.0,1
95,5,satisfy,124,131,13030,13037,,74.0,103.0,12980.0,13009.0,62,132.0,144.0,13038.0,13050.0,1
96,2,declared,28,36,13142,13150,152,0.0,27.0,13114.0,13141.0,154,37.0,99.0,13151.0,13213.0,1
96,3,belonged,54,62,13168,13176,,42.0,53.0,13156.0,13167.0,154,63.0,99.0,13177.0,13213.0,0
97,2,took,33,37,13248,13252,137,30.0,32.0,13245.0,13247.0,137,38.0,54.0,13253.0,13269.0,1
97,3,tried,59,64,13274,13279,137,30.0,32.0,13245.0,13247.0,137,65.0,132.0,13280.0,13347.0,1
97,4,make,68,72,13283,13287,137,30.0,32.0,13245.0,13247.0,137,73.0,132.0,13288.0,13347.0,1
97,5,look,81,85,13296,13300,137,73.0,80.0,13288.0,13295.0,137,86.0,132.0,13301.0,13347.0,1
97,6,were,95,99,13310,13314,137,92.0,94.0,13307.0,13309.0,,100.0,107.0,13315.0,13322.0,0
97,7,wearied,100,107,13315,13322,137,92.0,94.0,13307.0,13309.0,,,,,,1
97,8,worn,112,116,13327,13331,137,92.0,94.0,13307.0,13309.0,,121.0,132.0,13336.0,13347.0,1
98,0,put,3,6,13352,13355,137,0.0,2.0,13349.0,13351.0,,7.0,25.0,13356.0,13374.0,1
98,2,carried,49,56,13398,13405,137,0.0,2.0,13349.0,13351.0,,57.0,59.0,13406.0,13408.0,1
98,3,begging,82,89,13431,13438,137,0.0,2.0,13349.0,13351.0,"62,137",90.0,93.0,13439.0,13442.0,1
98,4,present,97,104,13446,13453,137,90.0,93.0,13439.0,13442.0,62,105.0,107.0,13454.0,13456.0,1
99,0,was,12,15,13486,13489,,,,,,137,16.0,77.0,13490.0,13551.0,0
99,1,deceived,22,30,13496,13504,29,0.0,11.0,13474.0,13485.0,137,31.0,77.0,13505.0,13551.0,1
99,3,thought,83,90,13557,13564,29,0.0,11.0,13474.0,13485.0,29,91.0,159.0,13565.0,13633.0,1
99,5,returned,113,121,13587,13595,29,96.0,98.0,13570.0,13572.0,29,122.0,159.0,13596.0,13633.0,1
100,0,tried,6,11,13641,13646,29,3.0,5.0,13638.0,13640.0,"62,160",12.0,62.0,13647.0,13697.0,1
100,1,persuade,15,23,13650,13658,29,3.0,5.0,13638.0,13640.0,"62,160",24.0,36.0,13659.0,13671.0,1
100,2,consent,40,47,13675,13682,62,24.0,36.0,13659.0,13671.0,160,48.0,62.0,13683.0,13697.0,1
100,3,see,51,54,13686,13689,,,,,,160,55.0,62.0,13690.0,13697.0,1
101,0,remained,8,16,13707,13715,62,4.0,7.0,13703.0,13706.0,,17.0,23.0,13716.0,13722.0,1
101,1,looked,28,34,13727,13733,62,4.0,7.0,13703.0,13706.0,,35.0,43.0,13734.0,13742.0,1
102,0,began,12,17,13756,13761,29,0.0,11.0,13744.0,13755.0,,18.0,40.0,13762.0,13784.0,1
102,1,take,21,25,13765,13769,29,0.0,11.0,13744.0,13755.0,,30.0,40.0,13774.0,13784.0,1
102,2,praised,45,52,13789,13796,29,0.0,11.0,13744.0,13755.0,,53.0,55.0,13797.0,13799.0,1
103,0,spoke,8,13,13871,13876,29,5.0,7.0,13868.0,13870.0,137,14.0,134.0,13877.0,13997.0,1
103,1,was,59,62,13922,13925,137,29.0,55.0,13892.0,13918.0,,,,,,0
103,3,undertaken,71,81,13934,13944,137,56.0,58.0,13919.0,13921.0,,82.0,134.0,13945.0,13997.0,1
104,0,took,19,23,14018,14022,11,0.0,18.0,13999.0,14017.0,11,24.0,34.0,14023.0,14033.0,1
104,1,looked,51,57,14050,14056,11,0.0,18.0,13999.0,14017.0,,58.0,63.0,14057.0,14062.0,1
105,0,told,9,13,14083,14087,11,0.0,3.0,14074.0,14077.0,"11,160,164",14.0,31.0,14088.0,14105.0,1
105,1,knew,41,45,14115,14119,11,37.0,40.0,14111.0,14114.0,160,46.0,178.0,14120.0,14252.0,1
105,2,was,49,52,14123,14126,,,,,,160,53.0,63.0,14127.0,14137.0,0
105,4,obtained,84,92,14158,14166,160,68.0,75.0,14142.0,14149.0,,93.0,154.0,14167.0,14228.0,1
105,6,was,188,191,14262,14265,11,184.0,187.0,14258.0,14261.0,11,192.0,231.0,14266.0,14305.0,0
105,7,say,201,204,14275,14278,11,184.0,187.0,14258.0,14261.0,11,205.0,231.0,14279.0,14305.0,1
105,8,believed,209,217,14283,14291,11,205.0,208.0,14279.0,14282.0,,218.0,220.0,14292.0,14294.0,1
106,0,went,17,21,14324,14328,29,0.0,11.0,14307.0,14318.0,"167,137",26.0,124.0,14333.0,14431.0,1
106,2,approached,63,73,14370,14380,167,29.0,49.0,14336.0,14356.0,,74.0,83.0,14381.0,14390.0,1
106,3,asked,89,94,14396,14401,167,29.0,49.0,14336.0,14356.0,137,95.0,124.0,14402.0,14431.0,1
106,5,found,108,113,14415,14420,137,101.0,103.0,14408.0,14410.0,,114.0,124.0,14421.0,14431.0,1
107,1,scruple,21,28,14454,14461,160,5.0,12.0,14438.0,14445.0,,,,,,0
108,0,took,17,21,14504,14508,160,15.0,16.0,14502.0,14503.0,,22.0,28.0,14509.0,14515.0,1
108,1,started,33,40,14520,14527,160,15.0,16.0,14502.0,14503.0,,,,,,1
109,1,reached,44,51,14598,14605,160,42.0,43.0,14596.0,14597.0,,52.0,71.0,14606.0,14625.0,1
110,2,tossed,35,41,14662,14668,160,29.0,30.0,14656.0,14657.0,,,,,,1
111,0,found,7,12,14799,14804,160,5.0,6.0,14797.0,14798.0,160,13.0,88.0,14805.0,14880.0,1
111,1,inhabited,23,32,14815,14824,,13.0,22.0,14805.0,14814.0,160,33.0,88.0,14825.0,14880.0,0
111,2,threatened,59,69,14851,14861,,36.0,42.0,14828.0,14834.0,160,70.0,88.0,14862.0,14880.0,1
111,3,kill,73,77,14865,14869,,36.0,42.0,14828.0,14834.0,160,86.0,88.0,14878.0,14880.0,1
111,4,eat,82,85,14874,14877,,36.0,42.0,14828.0,14834.0,160,86.0,88.0,14878.0,14880.0,1
112,0,managed,11,18,14893,14900,160,9.0,10.0,14891.0,14892.0,388,19.0,64.0,14901.0,14946.0,1
112,1,make,22,26,14904,14908,160,9.0,10.0,14891.0,14892.0,388,27.0,64.0,14909.0,14946.0,1
112,2,helped,75,81,14957,14963,388,70.0,74.0,14952.0,14956.0,"160,389",82.0,99.0,14964.0,14981.0,1
112,3,repair,103,109,14985,14991,"160,389",82.0,99.0,14964.0,14981.0,,110.0,118.0,14992.0,15000.0,1
112,4,set,126,129,15008,15011,160,124.0,125.0,15006.0,15007.0,,130.0,134.0,15012.0,15016.0,1
114,0,saw,63,66,15151,15154,160,61.0,62.0,15149.0,15150.0,,67.0,129.0,15155.0,15217.0,1
116,0,landed,2,8,15315,15321,160,0.0,1.0,15313.0,15314.0,,,,,,1
116,1,wandering,20,29,15333,15342,160,0.0,1.0,15313.0,15314.0,160,30.0,35.0,15343.0,15348.0,1
116,2,saw,61,64,15374,15377,160,59.0,60.0,15372.0,15373.0,160,65.0,147.0,15378.0,15460.0,1
116,6,holding,113,120,15426,15433,,,,,,160,121.0,133.0,15434.0,15446.0,1
117,0,went,2,6,15464,15468,160,0.0,1.0,15462.0,15463.0,160,7.0,9.0,15469.0,15471.0,1
117,1,asked,21,26,15483,15488,160,0.0,1.0,15462.0,15463.0,160,27.0,30.0,15489.0,15492.0,1
117,3,found,57,62,15519,15524,160,34.0,35.0,15496.0,15497.0,,63.0,88.0,15525.0,15550.0,1
117,4,answered,97,105,15559,15567,160,94.0,96.0,15556.0,15558.0,,108.0,133.0,15570.0,15595.0,1
118,0,climbed,24,31,15622,15629,160,22.0,23.0,15620.0,15621.0,,,,,,1
119,2,tell,61,65,15774,15778,160,50.0,51.0,15763.0,15764.0,,66.0,69.0,15779.0,15782.0,1
119,4,stop,95,99,15808,15812,160,81.0,82.0,15794.0,15795.0,,,,,,0
120,1,breaking,43,51,15857,15865,,,,,,160,56.0,68.0,15870.0,15882.0,1
120,2,hurried,69,76,15883,15890,160,56.0,66.0,15870.0,15880.0,,,,,,1
121,1,taken,25,30,15922,15927,,,,,,",160",31.0,33.0,15928.0,15930.0,1
121,2,get,55,58,15952,15955,160,31.0,33.0,15928.0,15930.0,,59.0,63.0,15956.0,15960.0,1
121,4,are,93,96,15990,15993,160,82.0,92.0,15979.0,15989.0,,103.0,121.0,16000.0,16018.0,0
122,1,waited,16,22,16059,16065,160,0.0,1.0,16043.0,16044.0,160,23.0,43.0,16066.0,16086.0,1
122,2,change,26,32,16069,16075,160,0.0,1.0,16043.0,16044.0,160,33.0,43.0,16076.0,16086.0,1
122,3,was,56,59,16099,16102,,,,,,160,60.0,61.0,16103.0,16104.0,0
122,4,bring,65,70,16108,16113,160,60.0,61.0,16103.0,16104.0,,71.0,81.0,16114.0,16124.0,1
123,4,arrived,121,128,16272,16279,170,20.0,120.0,16171.0,16271.0,,129.0,141.0,16280.0,16292.0,1
123,5,sent,146,150,16297,16301,170,20.0,119.0,16171.0,16270.0,62,154.0,164.0,16305.0,16315.0,1
123,7,paid,187,191,16338,16342,,,,,,170,192.0,207.0,16343.0,16358.0,1
124,0,said,5,9,16365,16369,170,0.0,4.0,16360.0,16364.0,"170,62,137",10.0,171.0,16370.0,16531.0,1
124,2,worked,24,30,16384,16390,170,15.0,19.0,16375.0,16379.0,,,,,,1
124,3,making,56,62,16416,16422,170,15.0,19.0,16375.0,16379.0,,63.0,81.0,16423.0,16441.0,1
124,5,presented,141,150,16501,16510,,88.0,126.0,16448.0,16486.0,"62,137",151.0,157.0,16511.0,16517.0,1
124,7,received,193,201,16553,16561,170,184.0,188.0,16544.0,16548.0,,202.0,220.0,16562.0,16580.0,1
125,1,found,36,41,16618,16623,174,3.0,26.0,16585.0,16608.0,,,,,,1
125,2,was,117,120,16699,16702,"62,176",51.0,115.0,16633.0,16697.0,,121.0,161.0,16703.0,16743.0,0
126,0,called,4,10,16749,16755,62,0.0,3.0,16745.0,16748.0,177,14.0,25.0,16759.0,16770.0,1
126,1,had,30,33,16775,16778,62,0.0,3.0,16745.0,16748.0,177,34.0,53.0,16779.0,16798.0,0
126,2,paid,39,43,16784,16788,177,34.0,38.0,16779.0,16783.0,,44.0,53.0,16789.0,16798.0,1
126,3,went,64,68,16809,16813,177,59.0,63.0,16804.0,16808.0,,,,,,1
127,0,were,25,29,16851,16855,177,20.0,24.0,16846.0,16850.0,"179,177",30.0,39.0,16856.0,16865.0,0
127,1,overtaken,30,39,16856,16865,177,20.0,24.0,16846.0,16850.0,"179,177",40.0,133.0,16866.0,16959.0,1
127,2,beat,69,73,16895,16899,179,43.0,63.0,16869.0,16889.0,177,74.0,78.0,16900.0,16904.0,1
127,3,were,89,93,16915,16919,177,84.0,88.0,16910.0,16914.0,,94.0,105.0,16920.0,16931.0,0
127,5,escaped,151,158,16977,16984,177,139.0,143.0,16965.0,16969.0,,,,,,1
128,0,returned,16,24,17019,17027,137,0.0,10.0,17003.0,17013.0,,25.0,29.0,17028.0,17032.0,1
128,1,raging,31,37,17034,17040,137,0.0,10.0,17003.0,17013.0,,,,,,1
129,0,winning,24,31,17078,17085,,,,,,62,32.0,44.0,17086.0,17098.0,1
129,1,gave,45,49,17099,17103,62,32.0,44.0,17086.0,17098.0,,53.0,60.0,17107.0,17114.0,1
129,2,retired,65,72,17119,17126,62,32.0,44.0,17086.0,17098.0,,73.0,111.0,17127.0,17165.0,1
130,0,had,21,24,17188,17191,124,4.0,20.0,17171.0,17187.0,185,25.0,33.0,17192.0,17200.0,1
130,1,wrote,50,55,17217,17222,124,47.0,49.0,17214.0,17216.0,185,56.0,62.0,17223.0,17229.0,1
130,2,get,66,69,17233,17236,124,47.0,49.0,17214.0,17216.0,,70.0,94.0,17237.0,17261.0,1
132,0,promised,3,11,17336,17344,124,0.0,2.0,17333.0,17335.0,"124,186",12.0,22.0,17345.0,17355.0,1
132,1,liked,46,51,17379,17384,124,43.0,45.0,17376.0,17378.0,,52.0,58.0,17385.0,17391.0,1
132,2,ask,55,58,17388,17391,124,43.0,45.0,17376.0,17378.0,"124,186",59.0,103.0,17392.0,17436.0,1
132,3,could,70,75,17403,17408,,,,,,186,76.0,95.0,17409.0,17428.0,0
132,4,get,76,79,17409,17412,124,62.0,69.0,17395.0,17402.0,186,80.0,83.0,17413.0,17416.0,1
133,4,come,79,83,17517,17521,187,30.0,74.0,17468.0,17512.0,,84.0,93.0,17522.0,17531.0,1
133,5,rode,98,102,17536,17540,124,95.0,97.0,17533.0,17535.0,,103.0,126.0,17541.0,17564.0,1
133,6,meet,130,134,17568,17572,124,95.0,97.0,17533.0,17535.0,185,135.0,138.0,17573.0,17576.0,1
134,0,handed,3,9,17581,17587,124,0.0,2.0,17578.0,17580.0,186,10.0,20.0,17588.0,17598.0,1
134,1,received,47,55,17625,17633,124,0.0,2.0,17578.0,17580.0,,56.0,75.0,17634.0,17653.0,1
135,0,reached,8,15,17663,17670,124,5.0,7.0,17660.0,17662.0,,16.0,20.0,17671.0,17675.0,1
135,1,put,24,27,17679,17682,124,21.0,23.0,17676.0,17678.0,,28.0,30.0,17683.0,17685.0,1
135,2,sent,54,58,17709,17713,124,21.0,23.0,17676.0,17678.0,62,59.0,61.0,17714.0,17716.0,1
135,3,waited,90,96,17745,17751,124,87.0,89.0,17742.0,17744.0,62,105.0,119.0,17760.0,17774.0,0
136,0,took,18,22,17794,17798,94,0.0,17.0,17776.0,17793.0,16,23.0,30.0,17799.0,17806.0,1
136,1,carried,62,69,17838,17845,94,0.0,17.0,17776.0,17793.0,62,70.0,72.0,17846.0,17848.0,1
136,2,tried,87,92,17863,17868,94,0.0,17.0,17776.0,17793.0,"62,137",93.0,130.0,17869.0,17906.0,1
136,3,coax,96,100,17872,17876,94,0.0,17.0,17776.0,17793.0,"62,137",101.0,104.0,17877.0,17880.0,1
136,4,see,108,111,17884,17887,62,101.0,104.0,17877.0,17880.0,137,112.0,122.0,17888.0,17898.0,1
136,5,refused,155,162,17931,17938,11,136.0,154.0,17912.0,17930.0,,,,,,1
136,6,saying,164,170,17940,17946,11,136.0,154.0,17912.0,17930.0,11,171.0,239.0,17947.0,18015.0,1
136,7,must,180,184,17956,17960,11,176.0,179.0,17952.0,17955.0,,185.0,239.0,17961.0,18015.0,0
136,8,put,191,194,17967,17970,11,176.0,179.0,17952.0,17955.0,,195.0,203.0,17971.0,17979.0,1
136,9,test,207,211,17983,17987,11,176.0,179.0,17952.0,17955.0,,,,,,0
136,10,putting,215,222,17991,17998,11,176.0,179.0,17952.0,17955.0,,223.0,225.0,17999.0,18001.0,1
138,0,took,7,11,18069,18073,11,3.0,6.0,18065.0,18068.0,,16.0,33.0,18078.0,18095.0,1
138,1,opened,38,44,18100,18106,11,3.0,6.0,18065.0,18068.0,,45.0,52.0,18107.0,18114.0,1
138,2,threw,63,68,18125,18130,11,3.0,6.0,18065.0,18068.0,,69.0,77.0,18131.0,18139.0,1
139,2,knew,57,61,18212,18216,62,44.0,56.0,18199.0,18211.0,196,62.0,107.0,18217.0,18262.0,1
139,4,fulfilled,89,98,18244,18253,196,67.0,75.0,18222.0,18230.0,196,99.0,107.0,18254.0,18262.0,1
140,0,failed,20,26,18284,18290,124,3.0,19.0,18267.0,18283.0,,,,,,1
141,0,was,22,25,18319,18322,198,4.0,21.0,18301.0,18318.0,,26.0,60.0,18323.0,18357.0,0
142,0,starting,11,19,18370,18378,,,,,,124,24.0,101.0,18383.0,18460.0,1
142,2,called,106,112,18465,18471,124,103.0,105.0,18462.0,18464.0,144,113.0,129.0,18472.0,18488.0,1
142,3,gave,143,147,18502,18506,124,103.0,105.0,18462.0,18464.0,144,148.0,152.0,18507.0,18511.0,1
142,4,seek,166,170,18525,18529,144,148.0,152.0,18507.0,18511.0,,171.0,212.0,18530.0,18571.0,1
142,5,forbade,230,237,18589,18596,124,218.0,220.0,18577.0,18579.0,144,238.0,249.0,18597.0,18608.0,1
142,6,return,253,259,18612,18618,144,238.0,249.0,18597.0,18608.0,,,,,,1
142,8,found,274,279,18633,18638,144,265.0,269.0,18624.0,18628.0,,280.0,282.0,18639.0,18641.0,1
143,0,started,36,43,18679,18686,"201,200",0.0,35.0,18643.0,18678.0,144,101.0,152.0,18744.0,18795.0,1
143,1,obeying,104,111,18747,18754,"201,200",0.0,35.0,18643.0,18678.0,144,112.0,152.0,18755.0,18795.0,1
143,2,considered,122,132,18765,18775,144,117.0,121.0,18760.0,18764.0,,133.0,152.0,18776.0,18795.0,1
144,0,took,12,16,18809,18813,144,0.0,4.0,18797.0,18801.0,,17.0,26.0,18814.0,18823.0,1
144,1,went,28,32,18825,18829,144,0.0,4.0,18797.0,18801.0,,33.0,59.0,18830.0,18856.0,1
144,3,grumbled,74,82,18871,18879,144,0.0,4.0,18797.0,18801.0,203,83.0,117.0,18880.0,18914.0,1
145,0,thinking,22,30,18938,18946,137,0.0,10.0,18916.0,18926.0,"62,137,205",31.0,201.0,18947.0,19117.0,1
145,1,could,50,55,18966,18971,,,,,,137,56.0,105.0,18972.0,19021.0,0
145,2,fail,60,64,18976,18980,205,36.0,49.0,18952.0,18965.0,137,65.0,105.0,18981.0,19021.0,1
145,3,find,68,72,18984,18988,205,36.0,49.0,18952.0,18965.0,137,73.0,105.0,18989.0,19021.0,1
145,5,fitted,111,117,19027,19033,205,36.0,49.0,18952.0,18965.0,,118.0,120.0,19034.0,19036.0,1
145,6,felt,174,178,19090,19094,137,171.0,173.0,19087.0,19089.0,62,179.0,201.0,19095.0,19117.0,1
145,7,winning,190,197,19106,19113,137,171.0,173.0,19087.0,19089.0,62,198.0,201.0,19114.0,19117.0,1
146,2,return,65,71,19184,19190,208,49.0,56.0,19168.0,19175.0,,,,,,1
147,0,became,11,17,19225,19231,137,0.0,10.0,19214.0,19224.0,,18.0,27.0,19232.0,19241.0,1
148,1,wait,9,13,19252,19256,137,0.0,2.0,19243.0,19245.0,,,,,,0
148,2,taking,28,34,19271,19277,,,,,,"210,137",44.0,72.0,19287.0,19315.0,1
148,3,hired,60,65,19303,19308,"210,137",44.0,56.0,19287.0,19299.0,,66.0,72.0,19309.0,19315.0,1
148,4,commanded,77,86,19320,19329,137,0.0,2.0,19243.0,19245.0,212,87.0,128.0,19330.0,19371.0,1
149,0,refused,29,36,19401,19408,"212,214",1.0,28.0,19373.0,19400.0,214,37.0,85.0,19409.0,19457.0,1
149,1,undertake,40,49,19412,19421,"212,214",1.0,28.0,19373.0,19400.0,214,50.0,85.0,19422.0,19457.0,1
149,2,said,60,64,19432,19436,214,55.0,59.0,19427.0,19431.0,,65.0,85.0,19437.0,19457.0,1
149,4,compelled,102,111,19474,19483,137,91.0,101.0,19463.0,19473.0,214,112.0,116.0,19484.0,19488.0,1
149,5,put,128,131,19500,19503,214,112.0,116.0,19484.0,19488.0,,136.0,142.0,19508.0,19514.0,0
150,1,been,14,18,19530,19534,214,5.0,9.0,19521.0,19525.0,,19.0,37.0,19535.0,19553.0,0
150,2,encountered,43,54,19559,19570,214,38.0,42.0,19554.0,19558.0,137,55.0,184.0,19571.0,19700.0,1
150,3,lasted,75,81,19591,19597,,55.0,68.0,19571.0,19584.0,137,82.0,184.0,19598.0,19700.0,0
150,6,determined,140,150,19656,19666,137,125.0,135.0,19641.0,19651.0,,151.0,184.0,19667.0,19700.0,1
150,7,give,154,158,19670,19674,137,125.0,135.0,19641.0,19651.0,,162.0,184.0,19678.0,19700.0,1
151,0,were,5,9,19707,19711,214,0.0,4.0,19702.0,19706.0,,10.0,32.0,19712.0,19734.0,0
152,0,Worn,0,4,19780,19784,,,,,,219,39.0,56.0,19819.0,19836.0,0
152,1,gave,57,61,19837,19841,219,39.0,56.0,19819.0,19836.0,137,62.0,69.0,19842.0,19849.0,1
153,1,caught,7,13,19869,19875,137,0.0,2.0,19862.0,19864.0,,14.0,31.0,19876.0,19893.0,1
153,3,go,44,46,19906,19908,137,0.0,2.0,19862.0,19864.0,,47.0,53.0,19909.0,19915.0,1
154,0,sent,50,54,19987,19991,"220,137",0.0,48.0,19937.0,19985.0,"222,137",55.0,65.0,19992.0,20002.0,1
154,1,inviting,80,88,20017,20025,,71.0,79.0,20008.0,20016.0,137,89.0,92.0,20026.0,20029.0,1
155,0,was,9,12,20053,20056,137,6.0,8.0,20050.0,20052.0,,13.0,18.0,20057.0,20062.0,0
155,1,thinking,19,27,20063,20071,137,6.0,8.0,20050.0,20052.0,137,28.0,49.0,20072.0,20093.0,1
155,2,turned,77,83,20121,20127,"62,137",51.0,76.0,20095.0,20120.0,,,,,,1
155,3,blamed,101,107,20145,20151,137,98.0,100.0,20142.0,20144.0,"62,137",108.0,111.0,20152.0,20155.0,1
155,5,undergone,141,150,20185,20194,137,116.0,133.0,20160.0,20177.0,,,,,,1
156,0,thought,3,10,20199,20206,137,0.0,2.0,20196.0,20198.0,"62,137",11.0,171.0,20207.0,20367.0,1
156,1,was,19,22,20215,20218,,,,,,"62,137",23.0,37.0,20219.0,20233.0,0
156,3,wished,46,52,20242,20248,62,38.0,41.0,20234.0,20237.0,137,53.0,64.0,20249.0,20260.0,1
156,4,kill,56,60,20252,20256,62,38.0,41.0,20234.0,20237.0,137,61.0,64.0,20257.0,20260.0,1
156,5,might,77,82,20273,20278,,,,,,137,83.0,96.0,20279.0,20292.0,0
156,6,be,83,85,20279,20281,62,73.0,76.0,20269.0,20272.0,137,86.0,96.0,20282.0,20292.0,0
156,7,rid,86,89,20282,20285,62,73.0,76.0,20269.0,20272.0,137,90.0,96.0,20286.0,20292.0,1
156,8,carry,114,119,20310,20315,,,,,,62,124.0,132.0,20320.0,20328.0,1
156,10,sent,137,141,20333,20337,,,,,,137,142.0,145.0,20338.0,20341.0,1
157,2,find,50,54,20419,20423,,14.0,33.0,20383.0,20402.0,137,55.0,80.0,20424.0,20449.0,1
157,3,came,65,69,20434,20438,225,14.0,64.0,20383.0,20433.0,,,,,,1
157,4,see,73,76,20442,20445,,55.0,64.0,20424.0,20433.0,137,77.0,80.0,20446.0,20449.0,1
157,5,were,86,90,20455,20459,225,14.0,64.0,20383.0,20433.0,225,91.0,152.0,20460.0,20521.0,0
157,6,find,104,108,20473,20477,225,14.0,64.0,20383.0,20433.0,,109.0,115.0,20478.0,20484.0,1
157,7,awaiting,139,147,20508,20516,,,,,,225,148.0,152.0,20517.0,20521.0,1
158,0,told,13,17,20536,20540,203,0.0,12.0,20523.0,20535.0,"203,225",18.0,22.0,20541.0,20545.0,1
158,1,was,31,34,20554,20557,203,28.0,30.0,20551.0,20553.0,,35.0,61.0,20558.0,20584.0,0
158,2,said,67,71,20590,20594,203,0.0,12.0,20523.0,20535.0,"203,62",72.0,146.0,20595.0,20669.0,1
158,3,intended,86,94,20609,20617,203,77.0,79.0,20600.0,20602.0,62,95.0,146.0,20618.0,20669.0,0
158,4,go,98,100,20621,20623,203,77.0,79.0,20600.0,20602.0,62,101.0,126.0,20624.0,20649.0,1
159,0,failed,36,42,20707,20713,230,19.0,35.0,20690.0,20706.0,230,43.0,55.0,20714.0,20726.0,1
159,2,find,69,73,20740,20744,230,56.0,58.0,20727.0,20729.0,,74.0,93.0,20745.0,20764.0,1
160,1,reached,57,64,20823,20830,11,13.0,52.0,20779.0,20818.0,231,65.0,88.0,20831.0,20854.0,1
160,2,sent,97,101,20863,20867,231,94.0,96.0,20860.0,20862.0,"11,232",102.0,125.0,20868.0,20891.0,1
160,3,see,129,132,20895,20898,232,102.0,125.0,20868.0,20891.0,11,133.0,176.0,20899.0,20942.0,1
160,4,were,140,144,20906,20910,11,136.0,139.0,20902.0,20905.0,,145.0,176.0,20911.0,20942.0,0
161,0,would,10,15,20953,20958,,,,,,"11,236",16.0,82.0,20959.0,21025.0,0
161,1,summon,16,22,20959,20965,231,7.0,9.0,20950.0,20952.0,11,23.0,26.0,20966.0,20969.0,1
161,2,make,45,49,20988,20992,231,7.0,9.0,20950.0,20952.0,"11,236",50.0,82.0,20993.0,21025.0,1
162,0,arrived,20,27,21047,21054,238,5.0,19.0,21032.0,21046.0,,,,,,1
162,1,refused,85,92,21112,21119,11,66.0,84.0,21093.0,21111.0,11,93.0,103.0,21120.0,21130.0,1
162,2,see,96,99,21123,21126,11,66.0,84.0,21093.0,21111.0,11,100.0,103.0,21127.0,21130.0,1
163,0,insisted,23,31,21155,21163,240,0.0,22.0,21132.0,21154.0,,,,,,1
163,1,saying,33,39,21165,21171,240,0.0,22.0,21132.0,21154.0,231,40.0,66.0,21172.0,21198.0,1
163,2,was,43,46,21175,21178,,40.0,42.0,21172.0,21174.0,231,47.0,66.0,21179.0,21198.0,0
164,0,told,24,28,21224,21228,11,5.0,23.0,21205.0,21223.0,"11,29,231",29.0,40.0,21229.0,21240.0,1
164,2,forced,57,63,21257,21263,11,49.0,52.0,21249.0,21252.0,231,64.0,119.0,21264.0,21319.0,1
164,3,go,67,69,21267,21269,11,49.0,52.0,21249.0,21252.0,,70.0,83.0,21270.0,21283.0,1
164,5,vanish,131,137,21331,21337,11,121.0,124.0,21321.0,21324.0,,,,,,1
165,1,told,21,25,21375,21379,231,5.0,16.0,21359.0,21370.0,"11,231",26.0,76.0,21380.0,21430.0,1
165,2,refusing,48,56,21402,21410,231,5.0,16.0,21359.0,21370.0,231,57.0,76.0,21411.0,21430.0,1
165,3,obey,60,64,21414,21418,231,5.0,16.0,21359.0,21370.0,231,65.0,76.0,21419.0,21430.0,1
165,4,pressed,90,97,21444,21451,,,,,,11,98.0,109.0,21452.0,21463.0,1
165,5,obey,101,105,21455,21459,,,,,,11,106.0,109.0,21460.0,21463.0,1
165,7,disappear,116,125,21470,21479,11,106.0,109.0,21460.0,21463.0,,,,,,1
165,8,determined,152,162,21506,21516,231,149.0,151.0,21503.0,21505.0,11,163.0,180.0,21517.0,21534.0,1
165,9,go,166,168,21520,21522,231,149.0,151.0,21503.0,21505.0,,,,,,1
165,10,see,173,176,21527,21530,231,149.0,151.0,21503.0,21505.0,11,177.0,180.0,21531.0,21534.0,1
166,0,planned,6,13,21542,21549,231,3.0,5.0,21539.0,21541.0,"62,231",14.0,121.0,21550.0,21657.0,1
166,1,go,17,19,21553,21555,231,3.0,5.0,21539.0,21541.0,,20.0,91.0,21556.0,21627.0,1
166,2,see,97,100,21633,21636,231,3.0,5.0,21539.0,21541.0,"62,231",101.0,121.0,21637.0,21657.0,1
167,0,sent,3,7,21662,21666,231,0.0,2.0,21659.0,21661.0,"29,231",8.0,12.0,21667.0,21671.0,1
167,1,received,53,61,21712,21720,231,50.0,52.0,21709.0,21711.0,,62.0,83.0,21721.0,21742.0,1
168,0,set,25,28,21769,21772,231,13.0,24.0,21757.0,21768.0,231,33.0,83.0,21777.0,21827.0,1
168,1,managed,65,72,21809,21816,231,57.0,59.0,21801.0,21803.0,,73.0,83.0,21817.0,21827.0,1
168,2,outride,76,83,21820,21827,231,38.0,49.0,21782.0,21793.0,,,,,,0
169,0,found,3,8,21832,21837,231,0.0,2.0,21829.0,21831.0,,9.0,49.0,21838.0,21878.0,1
169,1,dismounted,39,49,21868,21878,231,0.0,2.0,21829.0,21831.0,,,,,,1
170,0,entered,8,15,21888,21895,231,0.0,2.0,21880.0,21882.0,,16.0,25.0,21896.0,21905.0,1
170,1,went,30,34,21910,21914,231,0.0,2.0,21880.0,21882.0,"62,254",44.0,104.0,21924.0,21984.0,1
170,3,sitting,70,77,21950,21957,62,53.0,65.0,21933.0,21945.0,,,,,,1
171,1,seen,13,17,21999,22003,231,10.0,12.0,21996.0,21998.0,255,18.0,50.0,22004.0,22036.0,1
171,3,look,73,77,22059,22063,231,56.0,58.0,22042.0,22044.0,62,78.0,84.0,22064.0,22070.0,1
171,4,was,94,97,22080,22083,62,90.0,93.0,22076.0,22079.0,"256,62",98.0,168.0,22084.0,22154.0,0
171,5,shone,138,143,22124,22129,62,134.0,137.0,22120.0,22123.0,,,,,,1
172,0,became,24,30,22180,22186,11,5.0,23.0,22161.0,22179.0,"11,257",31.0,105.0,22187.0,22261.0,1
172,2,looking,57,64,22213,22220,257,42.0,52.0,22198.0,22208.0,11,65.0,71.0,22221.0,22227.0,1
172,3,tried,76,81,22232,22237,11,72.0,75.0,22228.0,22231.0,,82.0,105.0,22238.0,22261.0,1
172,4,escape,85,91,22241,22247,11,72.0,75.0,22228.0,22231.0,,92.0,105.0,22248.0,22261.0,1
172,5,caught,123,129,22279,22285,231,111.0,122.0,22267.0,22278.0,11,130.0,133.0,22286.0,22289.0,1
172,6,begged,138,144,22294,22300,231,111.0,122.0,22267.0,22278.0,"11,231",145.0,148.0,22301.0,22304.0,1
172,7,listen,152,158,22308,22314,11,145.0,148.0,22301.0,22304.0,231,159.0,180.0,22315.0,22336.0,1
172,9,say,177,180,22333,22336,231,167.0,169.0,22323.0,22325.0,,,,,,1
173,0,was,16,19,22354,22357,11,0.0,15.0,22338.0,22353.0,11,20.0,51.0,22358.0,22389.0,0
173,1,hide,23,27,22361,22365,,,,,,11,28.0,36.0,22366.0,22374.0,1
174,0,fell,12,16,22403,22407,231,0.0,11.0,22391.0,22402.0,11,24.0,40.0,22415.0,22431.0,1
174,1,begged,46,52,22437,22443,231,0.0,11.0,22391.0,22402.0,"11,231",53.0,56.0,22444.0,22447.0,1
174,2,come,60,64,22451,22455,11,53.0,56.0,22444.0,22447.0,"11,231",65.0,156.0,22456.0,22547.0,1
174,3,would,88,93,22479,22484,,,,,,11,94.0,156.0,22485.0,22547.0,0
174,4,give,94,98,22485,22489,231,85.0,87.0,22476.0,22478.0,11,99.0,102.0,22490.0,22493.0,1
174,6,wish,148,152,22539,22543,11,138.0,141.0,22529.0,22532.0,,153.0,156.0,22544.0,22547.0,1
175,0,was,3,6,22552,22555,231,0.0,2.0,22549.0,22551.0,"11,262,231,264",7.0,192.0,22556.0,22741.0,0
175,1,send,16,20,22565,22569,231,0.0,2.0,22549.0,22551.0,"11,262,231",21.0,89.0,22570.0,22638.0,1
175,2,take,59,63,22608,22612,,36.0,55.0,22585.0,22604.0,11,64.0,67.0,22613.0,22616.0,1
175,3,saying,91,97,22640,22646,262,25.0,55.0,22574.0,22604.0,"11,264",98.0,192.0,22647.0,22741.0,1
175,5,adorn,131,136,22680,22685,11,103.0,123.0,22652.0,22672.0,,137.0,144.0,22686.0,22693.0,0
175,7,hidden,157,163,22706,22712,11,103.0,123.0,22652.0,22672.0,,,,,,0
176,0,stopped,17,24,22760,22767,62,4.0,16.0,22747.0,22759.0,231,25.0,28.0,22768.0,22771.0,1
177,0,said,4,8,22777,22781,62,0.0,3.0,22773.0,22776.0,62,9.0,139.0,22782.0,22912.0,1
177,2,forced,26,32,22799,22805,62,17.0,20.0,22790.0,22793.0,,33.0,52.0,22806.0,22825.0,1
177,3,go,36,38,22809,22811,62,17.0,20.0,22790.0,22793.0,,39.0,52.0,22812.0,22825.0,1
177,5,turn,63,67,22836,22840,62,53.0,56.0,22826.0,22829.0,,,,,,1
177,6,spoke,107,112,22880,22885,62,103.0,106.0,22876.0,22879.0,,,,,,1
177,7,began,117,122,22890,22895,62,113.0,116.0,22886.0,22889.0,62,123.0,139.0,22896.0,22912.0,1
177,8,lose,126,130,22899,22903,62,113.0,116.0,22886.0,22889.0,62,131.0,139.0,22904.0,22912.0,1
178,0,faded,11,16,22925,22930,62,0.0,10.0,22914.0,22924.0,231,17.0,31.0,22931.0,22945.0,1
178,1,looked,41,47,22955,22961,231,38.0,40.0,22952.0,22954.0,,,,,,1
179,0,promised,17,25,22980,22988,231,0.0,11.0,22963.0,22974.0,62,26.0,100.0,22989.0,23063.0,1
179,1,leave,29,34,22992,22997,231,0.0,11.0,22963.0,22974.0,62,35.0,38.0,22998.0,23001.0,1
179,3,resume,62,68,23025,23031,62,47.0,55.0,23010.0,23018.0,62,69.0,100.0,23032.0,23063.0,1
179,4,did,97,100,23060,23063,62,69.0,85.0,23032.0,23048.0,,,,,,0
180,0,was,3,6,23068,23071,,0.0,2.0,23065.0,23067.0,231,11.0,33.0,23076.0,23098.0,0
180,1,return,27,33,23092,23098,231,20.0,23.0,23085.0,23088.0,,,,,,1
180,2,would,51,56,23116,23121,,,,,,"269,270,231",57.0,142.0,23122.0,23207.0,0
180,4,wondering,60,69,23125,23134,269,39.0,50.0,23104.0,23115.0,"269,270,231",70.0,142.0,23135.0,23207.0,1
180,6,happened,79,87,23144,23152,,70.0,74.0,23135.0,23139.0,270,88.0,109.0,23153.0,23174.0,1
180,7,missed,120,126,23185,23191,269,115.0,119.0,23180.0,23184.0,231,127.0,130.0,23192.0,23195.0,1
181,0,bade,6,10,23215,23219,231,3.0,5.0,23212.0,23214.0,62,11.0,14.0,23220.0,23223.0,1
181,1,left,28,32,23237,23241,231,3.0,5.0,23212.0,23214.0,,33.0,42.0,23242.0,23251.0,1
182,0,was,19,22,23289,23292,11,0.0,18.0,23270.0,23288.0,272,31.0,68.0,23301.0,23338.0,0
183,1,thought,41,48,23380,23387,231,38.0,40.0,23377.0,23379.0,11,49.0,69.0,23388.0,23408.0,1
184,0,spent,16,21,23426,23431,274,0.0,11.0,23410.0,23421.0,231,22.0,38.0,23432.0,23448.0,0
184,1,telling,57,64,23467,23474,274,0.0,11.0,23410.0,23421.0,"62,231",65.0,68.0,23475.0,23478.0,1
184,2,sent,99,103,23509,23513,274,0.0,11.0,23410.0,23421.0,62,104.0,108.0,23514.0,23518.0,1
184,3,refused,132,139,23542,23549,62,128.0,131.0,23538.0,23541.0,231,140.0,150.0,23550.0,23560.0,0
184,4,see,143,146,23553,23556,62,128.0,131.0,23538.0,23541.0,231,147.0,150.0,23557.0,23560.0,1
184,5,answered,161,169,23571,23579,62,157.0,160.0,23567.0,23570.0,"62,231,275",170.0,290.0,23580.0,23700.0,1
184,6,told,215,219,23625,23629,62,175.0,207.0,23585.0,23617.0,"62,231,275",220.0,223.0,23630.0,23633.0,1
184,8,marry,263,268,23673,23678,62,247.0,250.0,23657.0,23660.0,275,269.0,290.0,23679.0,23700.0,1
185,0,gave,26,30,23728,23732,,0.0,18.0,23702.0,23720.0,231,31.0,34.0,23733.0,23736.0,1
186,0,noticed,32,39,23779,23786,43,13.0,31.0,23760.0,23778.0,62,40.0,44.0,23787.0,23791.0,1
186,1,would,76,81,23823,23828,,,,,,62,82.0,204.0,23829.0,23951.0,0
186,2,sit,82,85,23829,23832,62,63.0,75.0,23810.0,23822.0,62,86.0,100.0,23833.0,23847.0,1
186,3,gaze,105,109,23852,23856,62,63.0,75.0,23810.0,23822.0,,,,,,1
186,4,ending,171,177,23918,23924,62,63.0,75.0,23810.0,23822.0,,185.0,187.0,23932.0,23934.0,0
187,0,found,22,27,23975,23980,29,10.0,21.0,23963.0,23974.0,62,28.0,72.0,23981.0,24025.0,1
187,1,weeping,37,44,23990,23997,,,,,,62,48.0,72.0,24001.0,24025.0,1
187,3,broken,66,72,24019,24025,62,51.0,60.0,24004.0,24013.0,,,,,,0
187,4,besought,81,89,24034,24042,29,78.0,80.0,24031.0,24033.0,62,90.0,93.0,24043.0,24046.0,1
187,5,tell,97,101,24050,24054,29,78.0,80.0,24031.0,24033.0,"29,62",102.0,105.0,24055.0,24058.0,1
188,0,told,20,24,24105,24109,62,16.0,19.0,24101.0,24104.0,"62,231",25.0,28.0,24110.0,24113.0,1
188,2,guessed,41,48,24126,24133,231,34.0,36.0,24119.0,24121.0,62,106.0,193.0,24191.0,24278.0,1
188,3,supposed,65,73,24150,24158,231,62.0,64.0,24147.0,24149.0,62,74.0,77.0,24159.0,24162.0,1
188,4,belong,85,91,24170,24176,62,74.0,77.0,24159.0,24162.0,,92.0,105.0,24177.0,24190.0,0
188,5,had,115,118,24200,24203,62,95.0,105.0,24180.0,24190.0,,,,,,0
188,6,come,128,132,24213,24217,62,111.0,114.0,24196.0,24199.0,,133.0,146.0,24218.0,24231.0,1
188,8,be,186,188,24271,24273,62,157.0,174.0,24242.0,24259.0,,189.0,193.0,24274.0,24278.0,0
189,1,come,82,86,24362,24366,283,50.0,75.0,24330.0,24355.0,,,,,,1
189,2,fetch,90,95,24370,24375,283,50.0,75.0,24330.0,24355.0,62,96.0,99.0,24376.0,24379.0,1
189,5,return,123,129,24403,24409,62,105.0,108.0,24385.0,24388.0,,,,,,1
190,0,were,12,16,24423,24427,285,0.0,11.0,24411.0,24422.0,,17.0,27.0,24428.0,24438.0,0
190,2,spent,40,45,24451,24456,285,0.0,11.0,24411.0,24422.0,",62",46.0,56.0,24457.0,24467.0,0
190,4,forgotten,78,87,24489,24498,62,70.0,73.0,24481.0,24484.0,285,88.0,92.0,24499.0,24503.0,1
190,5,belonged,131,139,24542,24550,62,103.0,117.0,24514.0,24528.0,,,,,,0
191,0,made,3,7,24555,24559,,0.0,2.0,24552.0,24554.0,62,8.0,16.0,24560.0,24568.0,1
191,1,weep,12,16,24564,24568,62,8.0,11.0,24560.0,24563.0,,,,,,1
191,2,said,22,26,24574,24578,62,18.0,21.0,24570.0,24573.0,,,,,,1
191,3,think,31,36,24583,24588,,,,,,"62,289",37.0,122.0,24589.0,24674.0,1
191,4,leaving,40,47,24592,24599,,,,,,"62,289",48.0,122.0,24600.0,24674.0,0
191,6,been,100,104,24652,24656,62,92.0,95.0,24644.0,24647.0,,105.0,110.0,24657.0,24662.0,0
192,0,heard,20,25,24696,24701,291,5.0,19.0,24681.0,24695.0,,26.0,30.0,24702.0,24706.0,1
192,1,were,36,40,24712,24716,291,31.0,35.0,24707.0,24711.0,,41.0,49.0,24717.0,24725.0,0
192,2,could,55,60,24731,24736,,,,,,"62,291",61.0,148.0,24737.0,24824.0,0
192,3,eat,65,68,24741,24744,291,31.0,35.0,24707.0,24711.0,,78.0,89.0,24754.0,24765.0,1
192,4,drink,72,77,24748,24753,291,31.0,35.0,24707.0,24711.0,,78.0,89.0,24754.0,24765.0,1
192,5,was,123,126,24799,24802,62,110.0,122.0,24786.0,24798.0,291,127.0,148.0,24803.0,24824.0,0
192,6,leave,138,143,24814,24819,62,110.0,122.0,24786.0,24798.0,291,144.0,148.0,24820.0,24824.0,1
193,2,sent,53,57,24879,24883,231,0.0,11.0,24826.0,24837.0,222,58.0,68.0,24884.0,24894.0,1
194,0,went,22,26,24974,24978,86,0.0,21.0,24952.0,24973.0,,,,,,1
194,1,meet,34,38,24986,24990,86,0.0,21.0,24952.0,24973.0,297,39.0,62.0,24991.0,25014.0,1
195,1,told,32,36,25048,25052,,0.0,27.0,25016.0,25043.0,29,37.0,53.0,25053.0,25069.0,1
196,1,aged,8,12,25078,25082,29,1.0,3.0,25071.0,25073.0,,,,,,1
196,2,looked,26,32,25096,25102,29,1.0,3.0,25071.0,25073.0,29,33.0,65.0,25103.0,25135.0,1
197,0,Weeping,0,7,25137,25144,,,,,,29,8.0,16.0,25145.0,25153.0,1
197,1,told,21,25,25158,25162,29,18.0,20.0,25155.0,25157.0,"299,297,62,29",26.0,30.0,25163.0,25167.0,1
197,3,intended,73,81,25210,25218,29,70.0,72.0,25207.0,25209.0,"299,29,62",92.0,209.0,25229.0,25346.0,1
197,4,make,95,99,25232,25236,29,70.0,72.0,25207.0,25209.0,299,100.0,137.0,25237.0,25274.0,1
197,5,do,146,148,25283,25285,29,70.0,72.0,25207.0,25209.0,29,149.0,161.0,25286.0,25298.0,1
197,7,prevent,165,172,25302,25309,,,,,,62,173.0,185.0,25310.0,25322.0,1
197,9,carried,197,204,25334,25341,62,173.0,185.0,25310.0,25322.0,,,,,,1
198,0,returned,8,16,25356,25364,77,0.0,7.0,25348.0,25355.0,,,,,,1
198,1,told,21,25,25369,25373,77,0.0,7.0,25348.0,25355.0,274,26.0,37.0,25374.0,25385.0,1
199,0,sent,47,51,25454,25458,231,35.0,46.0,25442.0,25453.0,306,52.0,84.0,25459.0,25491.0,1
199,1,watch,88,93,25495,25500,306,52.0,84.0,25459.0,25491.0,,94.0,103.0,25501.0,25510.0,1
200,0,stationed,13,22,25525,25534,,0.0,12.0,25512.0,25524.0,306,23.0,33.0,25535.0,25545.0,1
200,1,kept,64,68,25576,25580,308,47.0,63.0,25559.0,25575.0,,81.0,111.0,25593.0,25623.0,1
200,2,watch,69,74,25581,25586,308,47.0,63.0,25559.0,25575.0,,,,,,0
201,0,were,4,8,25629,25633,,0.0,3.0,25625.0,25628.0,310,9.0,51.0,25634.0,25676.0,0
202,0,hid,31,34,25709,25712,"31,94",0.0,30.0,25678.0,25708.0,11,35.0,53.0,25713.0,25731.0,1
203,0,gave,12,16,25762,25766,29,0.0,11.0,25750.0,25761.0,62,17.0,143.0,25767.0,25893.0,1
203,5,be,111,113,25861,25863,,61.0,77.0,25811.0,25827.0,62,114.0,143.0,25864.0,25893.0,0
203,6,protect,123,130,25873,25880,,,,,,62,131.0,143.0,25881.0,25893.0,1
204,0,hoped,70,75,25965,25970,29,67.0,69.0,25962.0,25964.0,320,76.0,108.0,25971.0,26003.0,1
204,1,withstand,79,88,25974,25983,29,67.0,69.0,25962.0,25964.0,320,89.0,108.0,25984.0,26003.0,1
204,2,told,127,131,26022,26026,62,114.0,126.0,26009.0,26021.0,"322,29,62",132.0,135.0,26027.0,26030.0,1
204,3,keep,163,167,26058,26062,,,,,,62,168.0,171.0,26063.0,26066.0,0
204,5,be,178,180,26073,26075,62,141.0,171.0,26036.0,26066.0,,181.0,188.0,26076.0,26083.0,0
204,6,came,215,219,26110,26114,322,204.0,214.0,26099.0,26109.0,,,,,,1
204,8,prevent,251,258,26146,26153,,,,,,322,259.0,263.0,26154.0,26158.0,1
204,9,carrying,269,277,26164,26172,322,259.0,263.0,26154.0,26158.0,322,282.0,295.0,26177.0,26190.0,1
205,1,be,28,30,26220,26222,323,0.0,21.0,26192.0,26213.0,,31.0,40.0,26223.0,26232.0,0
206,0,added,9,14,26243,26248,62,5.0,8.0,26239.0,26242.0,"29,62,325",26.0,317.0,26260.0,26551.0,1
206,1,was,35,38,26269,26272,62,31.0,34.0,26265.0,26268.0,"29,325",39.0,317.0,26273.0,26551.0,0
206,2,leave,59,64,26293,26298,,,,,,"29,325",65.0,317.0,26299.0,26551.0,1
208,1,flooding,50,58,26622,26630,,,,,,62,59.0,97.0,26631.0,26669.0,1
209,1,waited,101,107,26772,26778,329,61.0,69.0,26732.0,26740.0,,,,,,0
210,1,hoped,50,55,26830,26835,330,46.0,49.0,26826.0,26829.0,"11,285",56.0,143.0,26836.0,26923.0,1
210,3,would,105,110,26885,26890,,,,,,285,111.0,143.0,26891.0,26923.0,0
210,5,leave,123,128,26903,26908,11,86.0,104.0,26866.0,26884.0,285,129.0,133.0,26909.0,26913.0,1
211,0,saw,27,30,26952,26955,331,14.0,26.0,26939.0,26951.0,,31.0,58.0,26956.0,26983.0,1
211,1,looked,74,80,26999,27005,331,69.0,73.0,26994.0,26998.0,,81.0,91.0,27006.0,27016.0,1
212,1,saw,41,44,27084,27087,332,31.0,40.0,27074.0,27083.0,,57.0,94.0,27100.0,27137.0,1
215,5,called,117,123,27480,27486,336,0.0,68.0,27363.0,27431.0,29,124.0,138.0,27487.0,27501.0,1
216,2,said,24,28,27539,27543,29,1.0,18.0,27516.0,27533.0,,,,,,1
216,3,return,57,63,27572,27578,11,35.0,53.0,27550.0,27568.0,11,64.0,75.0,27579.0,27590.0,1
216,4,came,92,96,27607,27611,11,88.0,91.0,27603.0,27606.0,,,,,,1
217,0,committed,4,13,27617,27626,11,0.0,3.0,27613.0,27616.0,,14.0,27.0,27627.0,27640.0,1
217,3,live,61,65,27674,27678,11,0.0,3.0,27613.0,27616.0,,,,,,0
218,0,know,3,7,27704,27708,331,0.0,2.0,27701.0,27703.0,"29,62",8.0,53.0,27709.0,27754.0,1
218,1,have,27,31,27728,27732,29,13.0,22.0,27714.0,27723.0,,,,,,0
218,2,taken,32,37,27733,27738,29,8.0,22.0,27709.0,27723.0,,,,,,1
218,4,rewarded,67,75,27768,27776,331,59.0,61.0,27760.0,27762.0,29,76.0,79.0,27777.0,27780.0,1
218,6,sent,98,102,27799,27803,331,59.0,61.0,27760.0,27762.0,29,103.0,106.0,27804.0,27807.0,1
219,0,put,3,6,27834,27837,331,0.0,2.0,27831.0,27833.0,,7.0,15.0,27838.0,27846.0,1
219,1,find,42,46,27873,27877,29,35.0,38.0,27866.0,27869.0,,,,,,1
220,1,brought,8,15,27888,27895,29,1.0,2.0,27881.0,27882.0,402,19.0,32.0,27899.0,27912.0,1
220,3,done,73,77,27953,27957,402,69.0,72.0,27949.0,27952.0,,78.0,91.0,27958.0,27971.0,1
220,6,can,128,131,28008,28011,,,,,,404,131.0,146.0,28011.0,28026.0,0
220,7,be,135,137,28015,28017,403,103.0,127.0,27983.0,28007.0,404,138.0,146.0,28018.0,28026.0,0
220,8,said,149,153,28029,28033,"402,29,403,404",1.0,146.0,27881.0,28026.0,29,154.0,165.0,28034.0,28045.0,1
221,0,pray,3,7,28050,28054,29,1.0,2.0,28048.0,28049.0,29,8.0,11.0,28055.0,28058.0,1
221,1,look,15,19,28062,28066,29,8.0,11.0,28055.0,28058.0,,,,,,1
222,0,called,19,25,28098,28104,342,5.0,18.0,28084.0,28097.0,,26.0,31.0,28105.0,28110.0,1
222,1,saying,33,39,28112,28118,342,5.0,18.0,28084.0,28097.0,11,42.0,95.0,28121.0,28174.0,1
222,2,come,62,66,28141,28145,11,42.0,60.0,28121.0,28139.0,,67.0,95.0,28146.0,28174.0,1
224,0,slid,50,54,28257,28261,62,15.0,49.0,28222.0,28256.0,,55.0,79.0,28262.0,28286.0,1
224,1,revealing,81,90,28288,28297,62,15.0,49.0,28222.0,28256.0,62,91.0,172.0,28298.0,28379.0,1
224,2,shining,104,111,28311,28318,62,91.0,103.0,28298.0,28310.0,62,112.0,172.0,28319.0,28379.0,1
225,0,led,14,17,28395,28398,342,0.0,13.0,28381.0,28394.0,62,18.0,21.0,28399.0,28402.0,1
225,1,placed,32,38,28413,28419,342,0.0,13.0,28381.0,28394.0,62,39.0,42.0,28420.0,28423.0,1
226,0,looked,4,10,28444,28450,62,0.0,3.0,28440.0,28443.0,,,,,,1
226,1,saw,21,24,28461,28464,62,0.0,3.0,28440.0,28443.0,29,35.0,65.0,28475.0,28505.0,1
227,0,spoke,4,9,28511,28516,62,0.0,3.0,28507.0,28510.0,29,10.0,16.0,28517.0,28523.0,1
227,1,told,44,48,28551,28555,62,0.0,3.0,28507.0,28510.0,"29,62",49.0,52.0,28556.0,28559.0,1
227,2,was,61,64,28568,28571,,,,,,"62,29",69.0,77.0,28576.0,28584.0,0
227,3,leave,81,86,28588,28593,62,69.0,72.0,28576.0,28579.0,29,87.0,90.0,28594.0,28597.0,1
227,4,must,103,107,28610,28614,,,,,,62,115.0,127.0,28622.0,28634.0,0
227,5,think,115,120,28622,28627,29,100.0,102.0,28607.0,28609.0,62,121.0,127.0,28628.0,28634.0,1
228,1,allowed,33,40,28694,28701,,,,,,62,41.0,57.0,28702.0,28718.0,1
228,2,accompany,44,53,28705,28714,94,0.0,26.0,28661.0,28687.0,62,54.0,57.0,28715.0,28718.0,1
229,0,took,13,17,28759,28763,62,0.0,12.0,28746.0,28758.0,62,22.0,51.0,28768.0,28797.0,1
229,2,gave,56,60,28802,28806,62,0.0,12.0,28746.0,28758.0,29,61.0,63.0,28807.0,28809.0,1
230,0,held,38,42,28870,28874,351,0.0,37.0,28832.0,28869.0,,43.0,68.0,28875.0,28900.0,0
230,1,had,78,81,28910,28913,,70.0,77.0,28902.0,28909.0,62,82.0,154.0,28914.0,28986.0,0
230,3,given,127,132,28959,28964,,98.0,101.0,28930.0,28933.0,62,133.0,154.0,28965.0,28986.0,1
230,4,drink,149,154,28981,28986,62,133.0,145.0,28965.0,28977.0,,,,,,1
231,0,swallowed,4,13,28992,29001,62,0.0,3.0,28988.0,28991.0,,,,,,1
231,1,was,27,30,29015,29018,62,0.0,3.0,28988.0,28991.0,29,31.0,68.0,29019.0,29056.0,0
231,2,give,40,44,29028,29032,62,0.0,3.0,28988.0,28991.0,29,45.0,53.0,29033.0,29041.0,1
231,4,prevented,82,91,29070,29079,62,74.0,77.0,29062.0,29065.0,,92.0,105.0,29080.0,29093.0,1
231,5,doing,97,102,29085,29090,62,74.0,77.0,29062.0,29065.0,,103.0,105.0,29091.0,29093.0,1
232,0,was,18,21,29113,29116,,0.0,17.0,29095.0,29112.0,62,22.0,56.0,29117.0,29151.0,0
232,2,put,34,37,29129,29132,,0.0,17.0,29095.0,29112.0,62,38.0,56.0,29133.0,29151.0,1
232,3,said,66,70,29161,29165,62,62.0,65.0,29157.0,29160.0,,73.0,86.0,29168.0,29181.0,1
233,0,must,2,6,29185,29189,,,,,,407,7.0,44.0,29190.0,29227.0,0
233,1,forget,11,17,29194,29200,62,0.0,1.0,29183.0,29184.0,407,18.0,44.0,29201.0,29227.0,1
234,0,must,2,6,29231,29235,,,,,,231,7.0,72.0,29236.0,29301.0,0
234,1,write,7,12,29236,29241,62,0.0,1.0,29229.0,29230.0,231,13.0,16.0,29242.0,29245.0,1
234,2,say,30,33,29259,29262,231,13.0,16.0,29242.0,29245.0,,34.0,38.0,29263.0,29267.0,1
235,0,kept,65,69,29369,29373,62,61.0,64.0,29365.0,29368.0,62,70.0,98.0,29374.0,29402.0,0
235,2,wrote,93,98,29397,29402,62,89.0,92.0,29393.0,29396.0,,,,,,1
236,0,placed,4,10,29408,29414,62,0.0,3.0,29404.0,29407.0,,11.0,42.0,29415.0,29446.0,1
236,1,giving,65,71,29469,29475,62,0.0,3.0,29404.0,29407.0,"29,62",72.0,76.0,29476.0,29480.0,1
236,2,asked,97,102,29501,29506,62,93.0,96.0,29497.0,29500.0,"29,231",103.0,106.0,29507.0,29510.0,1
236,3,deliver,110,117,29514,29521,29,103.0,106.0,29507.0,29510.0,231,118.0,122.0,29522.0,29526.0,1
238,1,carried,32,39,29884,29891,11,0.0,27.0,29852.0,29879.0,,,,,,1
239,0,was,12,15,29919,29922,274,0.0,11.0,29907.0,29918.0,,16.0,50.0,29923.0,29957.0,0
239,1,touch,26,31,29933,29938,274,0.0,11.0,29907.0,29918.0,,32.0,50.0,29939.0,29957.0,1
239,2,sent,58,62,29965,29969,29,55.0,57.0,29962.0,29964.0,,63.0,65.0,29970.0,29972.0,1
240,0,burnt,43,48,30084,30089,369,22.0,42.0,30063.0,30083.0,,49.0,51.0,30090.0,30092.0,1
241,0,say,22,25,30141,30144,370,15.0,21.0,30134.0,30140.0,,26.0,99.0,30145.0,30218.0,1
