sentence_id,verb_id,verb,verb_start_byte,verb_end_byte,verb_start_byte_text,verb_end_byte_text,subj_coref_ids,subj_start_byte,subj_end_byte,subj_start_byte_text,subj_end_byte_text,dobj_coref_ids,dobj_start_byte,dobj_end_byte,dobj_start_byte_text,dobj_end_byte_text,adobj_start_bytes,adobj_end_bytes,adobj_start_bytes_text,adobj_end_bytes_text,supersense_category,event_label
8,0,thought,0,7,603,610,,,,,,21,8.0,16.0,611.0,619.0,,,,,verb.cognition,1
9,2,get,24,27,645,648,21,5.0,6.0,626.0,627.0,21,28.0,35.0,649.0,656.0,,,,,verb.possession,1
10,1,ask,7,10,665,668,21,0.0,1.0,658.0,659.0,21,11.0,24.0,669.0,682.0,,,,,verb.communication,1
10,2,carry,28,33,686,691,,11.0,24.0,669.0,682.0,21,34.0,36.0,692.0,694.0,37.0,51.0,695.0,709.0,verb.contact,1
11,2,consent,48,55,760,767,22,28.0,41.0,740.0,753.0,,56.0,73.0,768.0,785.0,,,,,verb.communication,1
13,0,called,24,30,898,904,,21.0,23.0,895.0,897.0,22,31.0,47.0,905.0,921.0,,,,,verb.communication,1
13,1,said,53,57,927,931,,21.0,23.0,895.0,897.0,5,60.0,100.0,934.0,974.0,,,,,verb.communication,1
14,6,broke,159,164,1136,1141,21,130.0,158.0,1107.0,1135.0,,165.0,176.0,1142.0,1153.0,,,,,verb.change,1
15,0,hear,53,57,1208,1212,,,,,,26,58.0,72.0,1213.0,1227.0,,,,,verb.perception,1
16,0,wonder,3,9,1232,1238,21,1.0,2.0,1230.0,1231.0,21,10.0,46.0,1239.0,1275.0,,,,,verb.cognition,1
16,2,spoke,26,31,1255,1260,,10.0,13.0,1239.0,1242.0,21,32.0,37.0,1261.0,1266.0,38.0,46.0,1267.0,1275.0,verb.communication,1
19,1,said,34,38,1375,1379,,1.0,7.0,1342.0,1348.0,21,39.0,47.0,1380.0,1388.0,,,,,verb.communication,1
19,4,enjoy,99,104,1440,1445,21,80.0,81.0,1421.0,1422.0,21,105.0,111.0,1446.0,1452.0,,,,,verb.emotion,1
20,1,stop,10,14,1464,1468,22,6.0,9.0,1460.0,1463.0,,,,,,,,,,verb.motion,1
20,2,play,19,23,1473,1477,22,6.0,9.0,1460.0,1463.0,,,,,,,,,,verb.social,1
21,1,sat,38,41,1541,1544,22,0.0,13.0,1503.0,1516.0,,42.0,54.0,1545.0,1557.0,,,,,verb.contact,1
21,2,played,68,74,1571,1577,31,60.0,67.0,1563.0,1570.0,,,,,,,,,,verb.creation,1
22,0,said,14,18,1616,1620,21,5.0,13.0,1607.0,1615.0,"5,21",21.0,81.0,1623.0,1683.0,,,,,verb.communication,1
23,1,meet,16,20,1701,1705,31,0.0,2.0,1685.0,1687.0,,,,,,,,,,verb.social,1
23,2,know,27,31,1712,1716,21,25.0,26.0,1710.0,1711.0,5,32.0,53.0,1717.0,1738.0,,,,,verb.cognition,1
24,0,Tell,0,4,1740,1744,,,,,,"5,128,21",5.0,7.0,1745.0,1747.0,,,,,verb.communication,1
24,2,think,16,21,1756,1761,5,12.0,15.0,1752.0,1755.0,"5,128,21",22.0,69.0,1762.0,1809.0,,,,,verb.cognition,1
25,1,answered,51,59,1863,1871,,1.0,48.0,1813.0,1860.0,22,60.0,73.0,1872.0,1885.0,,,,,verb.communication,1
26,1,see,13,16,1900,1903,5,5.0,8.0,1892.0,1895.0,5,17.0,21.0,1904.0,1908.0,,,,,verb.cognition,1
30,2,said,54,58,2218,2222,35,0.0,52.0,2164.0,2216.0,22,61.0,178.0,2225.0,2342.0,,,,,verb.communication,1
30,4,think,68,73,2232,2237,22,64.0,67.0,2228.0,2231.0,22,74.0,178.0,2238.0,2342.0,,,,,verb.cognition,1
30,6,form,126,130,2290,2294,22,90.0,93.0,2254.0,2257.0,,131.0,178.0,2295.0,2342.0,,,,,verb.creation,1
31,0,thought,14,21,2359,2366,22,0.0,13.0,2345.0,2358.0,,,,,,,,,,verb.cognition,1
31,1,answered,44,52,2389,2397,22,0.0,13.0,2345.0,2358.0,,55.0,80.0,2400.0,2425.0,,,,,verb.communication,1
32,2,said,15,19,2443,2447,,,,,,37,20.0,35.0,2448.0,2463.0,,,,,verb.communication,1
32,4,count,49,54,2477,2482,37,42.0,43.0,2470.0,2471.0,,55.0,65.0,2483.0,2493.0,66.0,75.0,2494.0,2503.0,verb.communication,1
33,2,intended,87,95,2593,2601,,78.0,86.0,2584.0,2592.0,22,96.0,118.0,2602.0,2624.0,,,,,verb.cognition,1
33,3,play,99,103,2605,2609,,78.0,86.0,2584.0,2592.0,22,104.0,118.0,2610.0,2624.0,,,,,verb.social,1
33,4,agreed,120,126,2626,2632,22,0.0,118.0,2506.0,2624.0,21,127.0,152.0,2633.0,2658.0,,,,,verb.communication,1
33,5,do,130,132,2636,2638,22,0.0,118.0,2506.0,2624.0,21,133.0,152.0,2639.0,2658.0,,,,,verb.social,1
33,6,asked,147,152,2653,2658,21,133.0,137.0,2639.0,2643.0,,,,,,,,,,verb.communication,1
34,0,said,3,7,2663,2667,22,0.0,2.0,2660.0,2662.0,"139,22",10.0,81.0,2670.0,2741.0,,,,,verb.communication,1
34,3,call,57,61,2717,2721,,,,,,"139,22",62.0,72.0,2722.0,2732.0,73.0,81.0,,,verb.communication,1
40,0,said,0,4,2963,2967,,,,,,"140,22",5.0,18.0,2968.0,2981.0,,,,,verb.communication,1
40,2,form,53,57,3016,3020,"140,22",39.0,49.0,3002.0,3012.0,,58.0,87.0,3021.0,3050.0,,,,,verb.creation,1
42,1,see,13,16,3145,3148,6,4.0,7.0,3136.0,3139.0,,17.0,35.0,3149.0,3167.0,,,,,verb.perception,1
43,0,arranged,37,45,3207,3215,43,5.0,36.0,3175.0,3206.0,43,46.0,56.0,3216.0,3226.0,57.0,144.0,3227.0,3314.0,verb.motion,1
43,1,form,79,83,3249,3253,43,5.0,36.0,3175.0,3206.0,,84.0,144.0,3254.0,3314.0,,,,,verb.creation,1
44,0,saw,14,17,3330,3333,21,5.0,13.0,3321.0,3329.0,,18.0,42.0,3334.0,3358.0,,,,,verb.perception,1
44,1,said,47,51,3363,3367,21,44.0,46.0,3360.0,3362.0,,54.0,66.0,3370.0,3382.0,,,,,verb.communication,1
45,1,believe,10,17,3394,3401,21,0.0,1.0,3384.0,3385.0,,18.0,35.0,3402.0,3419.0,,,,,verb.cognition,1
46,0,let,4,7,3425,3428,,,,,,"43,21",8.0,24.0,3429.0,3445.0,,,,,verb.social,1
46,1,count,11,16,3432,3437,21,8.0,10.0,3429.0,3431.0,43,17.0,24.0,3438.0,3445.0,,,,,verb.communication,1
47,0,do,3,5,3450,3452,,,,,,21,6.0,10.0,3453.0,3457.0,,,,,verb.social,1
48,3,fall,50,54,3590,3594,21,42.0,43.0,3582.0,3583.0,,55.0,67.0,3595.0,3607.0,,,,,verb.motion,1
48,5,drowned,75,82,3615,3622,21,42.0,43.0,3582.0,3583.0,,,,,,,,,,verb.change,1
49,2,jumped,89,95,3714,3720,21,86.0,88.0,3711.0,3713.0,,,,,,,,,,verb.motion,1
49,6,count,188,193,3813,3818,21,165.0,166.0,3790.0,3791.0,,,,,,,,,,verb.communication,1
51,1,getting,17,24,3960,3967,,,,,,21,25.0,33.0,3968.0,3976.0,,,,,verb.possession,1
51,2,began,38,43,3981,3986,21,35.0,37.0,3978.0,3980.0,51,44.0,69.0,3987.0,4012.0,70.0,94.0,4013.0,4037.0,verb.change,1
51,3,jeer,47,51,3990,3994,21,35.0,37.0,3978.0,3980.0,,,,,,,,,,verb.communication,1
51,4,thanking,81,89,4024,4032,21,35.0,37.0,3978.0,3980.0,51,90.0,94.0,4033.0,4037.0,,,,,verb.communication,1
52,0,said,3,7,4042,4046,21,0.0,2.0,4039.0,4041.0,"52,21",9.0,44.0,4048.0,4083.0,,,,,verb.communication,1
52,1,leapt,15,20,4054,4059,21,12.0,14.0,4051.0,4053.0,52,21.0,24.0,4060.0,4063.0,,,,,verb.motion,1
53,1,done,34,38,4124,4128,21,27.0,28.0,4117.0,4118.0,51,39.0,47.0,4129.0,4137.0,,,,,verb.social,1
55,1,escape,15,21,4210,4216,21,4.0,6.0,4199.0,4201.0,,,,,,,,,,verb.motion,1
56,0,understood,26,36,4254,4264,51,11.0,25.0,4239.0,4253.0,"51,21",37.0,124.0,4265.0,4352.0,,,,,verb.cognition,1
56,2,played,59,65,4287,4293,,51.0,58.0,4279.0,4286.0,51,66.0,75.0,4294.0,4303.0,,,,,verb.creation,1
56,3,enable,97,103,4325,4331,,,,,,21,104.0,107.0,4332.0,4335.0,,,,,verb.change,1
56,4,cross,111,116,4339,4344,21,104.0,107.0,4332.0,4335.0,,117.0,124.0,4345.0,4352.0,,,,,verb.motion,1
56,6,laughing,152,160,4380,4388,21,135.0,143.0,4363.0,4371.0,51,161.0,168.0,4389.0,4396.0,,,,,verb.body,1
56,9,take,245,249,4473,4477,51,190.0,194.0,4418.0,4422.0,,250.0,257.0,4478.0,4485.0,,,,,verb.possession,1
57,0,ran,16,19,4503,4506,"51,56",3.0,15.0,4490.0,4502.0,,,,,,,,,,verb.motion,1
57,1,caught,39,45,4526,4532,"51,56",3.0,15.0,4490.0,4502.0,21,46.0,49.0,4533.0,4536.0,,,,,verb.contact,1
58,0,surrounded,14,24,4552,4562,56,5.0,13.0,4543.0,4551.0,,25.0,33.0,4563.0,4571.0,,,,,verb.competition,1
59,1,entreated,24,33,4638,4647,21,0.0,2.0,4614.0,4616.0,56,34.0,38.0,4648.0,4652.0,39.0,51.0,4653.0,4665.0,verb.communication,1
59,2,spare,42,47,4656,4661,21,0.0,2.0,4614.0,4616.0,21,48.0,51.0,4662.0,4665.0,,,,,verb.social,1
59,4,said,100,104,4714,4718,56,95.0,99.0,4709.0,4713.0,21,107.0,122.0,4721.0,4736.0,,,,,verb.communication,1
60,2,threw,61,66,4800,4805,51,56.0,60.0,4795.0,4799.0,58,67.0,80.0,4806.0,4819.0,122.0,134.0,4861.0,4873.0,verb.contact,1
60,3,swam,103,107,4842,4846,60,99.0,102.0,4838.0,4841.0,,,,,,,,,,verb.motion,1
60,4,laughing,113,121,4852,4860,51,56.0,60.0,4795.0,4799.0,51,122.0,143.0,4861.0,4882.0,,,,,verb.body,1
60,6,done,139,143,4878,4882,51,125.0,129.0,4864.0,4868.0,,,,,,,,,,verb.creation,1
62,2,bleeding,49,57,5020,5028,21,0.0,20.0,4971.0,4991.0,,,,,,,,,,verb.body,1
63,1,move,16,20,5055,5059,21,0.0,2.0,5039.0,5041.0,,,,,,,,,,verb.motion,1
64,6,befallen,93,101,5154,5162,,69.0,83.0,5130.0,5144.0,21,102.0,105.0,5163.0,5166.0,,,,,verb.possession,1
65,2,brought,43,50,5211,5218,21,20.0,33.0,5188.0,5201.0,,51.0,66.0,5219.0,5234.0,,,,,verb.creation,1
65,6,feeling,166,173,5334,5341,,135.0,150.0,5303.0,5318.0,21,174.0,187.0,5342.0,5355.0,188.0,208.0,5356.0,5376.0,verb.emotion,1
68,0,Seeing,0,6,5516,5522,,,,,,66,7.0,41.0,5523.0,5557.0,,,,,verb.perception,1
68,3,asked,60,65,5576,5581,66,43.0,47.0,5559.0,5563.0,,66.0,85.0,5582.0,5601.0,,,,,verb.communication,1
69,1,answered,55,63,5658,5666,21,0.0,8.0,5603.0,5611.0,"66,21",64.0,68.0,5667.0,5671.0,70.0,76.0,5673.0,5679.0,verb.communication,1
69,2,saying,70,76,5673,5679,21,0.0,8.0,5603.0,5611.0,21,78.0,131.0,5681.0,5734.0,,,,,verb.communication,1
69,3,had,81,84,5684,5687,21,79.0,80.0,5682.0,5683.0,,85.0,113.0,5688.0,5716.0,,,,,verb.perception,1
69,5,beaten,125,131,5728,5734,21,119.0,120.0,5722.0,5723.0,,,,,,,,,,verb.competition,1
70,1,left,31,35,5767,5771,51,0.0,4.0,5736.0,5740.0,21,36.0,38.0,5772.0,5774.0,,,,,verb.possession,1
70,2,suffer,42,48,5778,5784,21,36.0,38.0,5772.0,5774.0,,,,,,,,,,verb.body,1
70,5,crying,71,77,5807,5813,21,66.0,67.0,5802.0,5803.0,,,,,,,,,,verb.body,1
72,0,feigned,7,14,5886,5893,70,4.0,6.0,5883.0,5885.0,,15.0,23.0,5894.0,5902.0,,,,,verb.communication,1
72,1,said,29,33,5908,5912,70,4.0,6.0,5883.0,5885.0,"70,21",34.0,45.0,5913.0,5924.0,,,,,verb.communication,1
72,2,feel,50,54,5929,5933,70,48.0,49.0,5927.0,5928.0,21,55.0,73.0,5934.0,5952.0,,,,,verb.emotion,1
73,1,try,17,20,5971,5974,21,3.0,6.0,5957.0,5960.0,,21.0,23.0,5975.0,5977.0,,,,,verb.social,1
73,2,know,27,31,5981,5985,70,25.0,26.0,5979.0,5980.0,21,32.0,74.0,5986.0,6028.0,,,,,verb.cognition,1
73,4,cure,55,59,6009,6013,,35.0,43.0,5989.0,5997.0,21,60.0,74.0,6014.0,6028.0,,,,,verb.body,1
74,1,bathe,7,12,6037,6042,,,,,,21,13.0,21.0,6043.0,6051.0,22.0,32.0,,,verb.body,1
75,1,make,10,14,6109,6113,,0.0,4.0,6099.0,6103.0,21,15.0,34.0,6114.0,6133.0,,,,,verb.change,1
75,2,grow,24,28,6123,6127,21,15.0,23.0,6114.0,6122.0,,,,,,,,,,verb.change,1
77,1,thinking,27,35,6238,6246,21,0.0,8.0,6211.0,6219.0,21,36.0,60.0,6247.0,6271.0,,,,,verb.cognition,1
77,3,found,48,53,6259,6264,21,41.0,43.0,6252.0,6254.0,,54.0,60.0,6265.0,6271.0,,,,,verb.creation,1
78,0,went,3,7,6276,6280,21,0.0,2.0,6273.0,6275.0,,,,,,,,,,verb.motion,1
78,1,bathed,12,18,6285,6291,21,0.0,2.0,6273.0,6275.0,,,,,,,,,,verb.body,1
78,3,sat,52,55,6325,6328,21,0.0,2.0,6273.0,6275.0,,,,,,,,,,verb.contact,1
79,1,dried,25,30,6390,6395,,7.0,15.0,6372.0,6380.0,21,31.0,34.0,6396.0,6399.0,,,,,verb.contact,1
79,2,became,45,51,6410,6416,21,36.0,44.0,6401.0,6409.0,,52.0,70.0,6417.0,6435.0,,,,,verb.change,1
79,3,drawn,52,57,6417,6422,21,36.0,44.0,6401.0,6409.0,,,,,,,,,,verb.contact,1
79,4,hardened,62,70,6427,6435,21,36.0,44.0,6401.0,6409.0,,,,,,,,,,verb.change,1
79,6,rolled,120,126,6485,6491,21,117.0,119.0,6482.0,6484.0,,130.0,138.0,6495.0,6503.0,139.0,151.0,6504.0,6516.0,verb.motion,1
79,7,cried,156,161,6521,6526,21,117.0,119.0,6482.0,6484.0,,,,,,,,,,verb.communication,1
80,1,carrying,40,48,6574,6582,,,,,,77,49.0,60.0,6583.0,6594.0,,,,,verb.contact,1
81,0,saw,3,6,6611,6614,77,0.0,2.0,6608.0,6610.0,21,7.0,15.0,6615.0,6623.0,,,,,verb.perception,1
81,1,stopped,21,28,6629,6636,77,0.0,2.0,6608.0,6610.0,21,39.0,66.0,6647.0,6674.0,,,,,verb.communication,1
81,2,asked,33,38,6641,6646,77,0.0,2.0,6608.0,6610.0,21,39.0,66.0,6647.0,6674.0,,,,,verb.communication,1
81,4,crying,50,56,6658,6664,21,43.0,45.0,6651.0,6653.0,,,,,,,,,,verb.body,1
82,0,remembering,19,30,6695,6706,58,4.0,17.0,6680.0,6693.0,"80,58",31.0,102.0,6707.0,6778.0,,,,,verb.cognition,1
82,3,deceived,48,56,6724,6732,58,36.0,38.0,6712.0,6714.0,"80,58",57.0,102.0,6733.0,6778.0,,,,,verb.social,1
82,4,spoke,90,95,6766,6771,,74.0,81.0,6750.0,6757.0,58,96.0,102.0,6772.0,6778.0,,,,,verb.communication,1
82,6,answer,112,118,6788,6794,58,4.0,17.0,6680.0,6693.0,,,,,,,,,,verb.communication,1
83,0,had,13,16,6831,6834,81,4.0,12.0,6822.0,6830.0,,17.0,29.0,6835.0,6847.0,,,,,verb.perception,1
83,1,looked,35,41,6853,6859,81,4.0,12.0,6822.0,6830.0,21,42.0,68.0,6860.0,6886.0,,,,,verb.perception,1
83,2,said,74,78,6892,6896,81,4.0,12.0,6822.0,6830.0,21,81.0,95.0,6899.0,6913.0,,,,,verb.communication,1
84,0,see,2,5,6917,6920,81,0.0,1.0,6915.0,6916.0,21,6.0,70.0,6921.0,6985.0,,,,,verb.cognition,1
85,2,treated,13,20,7000,7007,,0.0,3.0,6987.0,6990.0,21,21.0,24.0,7008.0,7011.0,,,,,verb.social,1
86,0,heard,14,19,7039,7044,21,5.0,13.0,7030.0,7038.0,"84,21",20.0,69.0,7045.0,7094.0,,,,,verb.perception,1
86,1,felt,40,44,7065,7069,21,37.0,39.0,7062.0,7064.0,84,45.0,69.0,7070.0,7094.0,,,,,verb.emotion,1
87,1,told,41,45,7137,7141,21,32.0,40.0,7128.0,7136.0,84,46.0,49.0,7142.0,7145.0,,,,,verb.communication,1
87,3,befallen,63,71,7159,7167,,50.0,53.0,7146.0,7149.0,84,72.0,75.0,7168.0,7171.0,,,,,verb.emotion,1
88,1,told,51,55,7224,7228,86,0.0,17.0,7173.0,7190.0,87,56.0,59.0,7229.0,7232.0,60.0,210.0,7233.0,7383.0,verb.communication,1
88,3,played,79,85,7252,7258,87,72.0,74.0,7245.0,7247.0,,86.0,111.0,7259.0,7284.0,,,,,verb.creation,1
88,8,thinking,165,173,7338,7346,86,0.0,17.0,7173.0,7190.0,87,174.0,210.0,7347.0,7383.0,,,,,verb.cognition,1
88,9,wished,182,188,7355,7361,87,179.0,181.0,7352.0,7354.0,,189.0,210.0,7362.0,7383.0,,,,,verb.emotion,1
88,10,count,192,197,7365,7370,87,179.0,181.0,7352.0,7354.0,,198.0,210.0,7371.0,7383.0,,,,,verb.communication,1
89,0,told,3,7,7388,7392,21,0.0,2.0,7385.0,7387.0,"51,87",8.0,11.0,7393.0,7396.0,,,,,verb.communication,1
89,3,revenged,91,99,7476,7484,51,72.0,86.0,7457.0,7471.0,51,100.0,110.0,7485.0,7495.0,111.0,117.0,7496.0,7502.0,verb.social,1
90,1,say,19,22,7523,7526,87,5.0,7.0,7509.0,7511.0,"91,90,87",23.0,102.0,7527.0,7606.0,,,,,verb.communication,1
90,4,deceived,39,47,7543,7551,87,23.0,26.0,7527.0,7530.0,"91,90,87",48.0,102.0,7552.0,7606.0,,,,,verb.social,1
90,5,looked,70,76,7574,7580,,62.0,65.0,7566.0,7569.0,"91,87",77.0,102.0,7581.0,7606.0,,,,,verb.perception,1
91,0,ended,9,14,7617,7622,21,0.0,8.0,7608.0,7616.0,21,15.0,35.0,7623.0,7643.0,36.0,128.0,7644.0,7736.0,verb.communication,1
91,1,begging,39,46,7647,7654,21,0.0,8.0,7608.0,7616.0,"84,21",47.0,54.0,7655.0,7662.0,,,,,verb.communication,1
91,2,give,58,62,7666,7670,84,47.0,54.0,7655.0,7662.0,21,63.0,66.0,7671.0,7674.0,,,,,verb.possession,1
91,4,cure,92,96,7700,7704,,67.0,80.0,7675.0,7688.0,21,97.0,100.0,7705.0,7708.0,,,,,verb.body,1
91,5,make,105,109,7713,7717,,67.0,80.0,7675.0,7688.0,21,110.0,128.0,7718.0,7736.0,,,,,verb.change,1
91,6,grow,118,122,7726,7730,21,110.0,117.0,7718.0,7725.0,,,,,,,,,,verb.change,1
92,1,finished,18,26,7756,7764,21,5.0,13.0,7743.0,7751.0,21,27.0,36.0,7765.0,7774.0,,,,,verb.change,1
92,3,said,80,84,7818,7822,84,38.0,45.0,7776.0,7783.0,"84,21",87.0,217.0,7825.0,7955.0,,,,,verb.communication,1
92,6,suffered,120,128,7858,7866,21,107.0,110.0,7845.0,7848.0,,,,,,,,,,verb.body,1
92,7,remember,134,142,7872,7880,,,,,,21,144.0,217.0,7882.0,7955.0,,,,,verb.cognition,1
92,9,practiced,190,199,7928,7937,21,175.0,185.0,7913.0,7923.0,,,,,,,,,,verb.social,1
93,0,know,3,7,7961,7965,96,1.0,2.0,7959.0,7960.0,,,,,,,,,,verb.cognition,1
93,1,answered,10,18,7968,7976,,,,,,96,19.0,37.0,7977.0,7995.0,,,,,verb.communication,1
93,3,repented,51,59,8009,8017,96,44.0,45.0,8002.0,8003.0,,,,,,,,,,verb.communication,1
93,5,use,89,92,8047,8050,96,44.0,45.0,8002.0,8003.0,,93.0,99.0,8051.0,8057.0,100.0,105.0,8058.0,8063.0,verb.consumption,1
94,0,beg,2,5,8067,8070,96,0.0,1.0,8065.0,8066.0,"96,84",6.0,9.0,8071.0,8074.0,,,,,verb.communication,1
94,1,show,13,17,8078,8082,84,6.0,9.0,8071.0,8074.0,96,18.0,20.0,8083.0,8085.0,,,,,verb.perception,1
94,3,cure,31,35,8096,8100,96,25.0,26.0,8090.0,8091.0,96,36.0,48.0,8101.0,8113.0,,,,,verb.body,1
94,4,make,53,57,8118,8122,96,25.0,26.0,8090.0,8091.0,,58.0,76.0,8123.0,8141.0,,,,,verb.change,1
95,1,tell,13,17,8157,8161,84,6.0,7.0,8150.0,8151.0,21,18.0,21.0,8162.0,8165.0,,,,,verb.communication,1
95,2,said,41,45,8185,8189,"84,21",1.0,38.0,8145.0,8182.0,84,46.0,53.0,8190.0,8197.0,,,,,verb.communication,1
96,2,try,53,56,8252,8255,,,,,,21,57.0,92.0,8256.0,8291.0,,,,,verb.social,1
96,3,wash,60,64,8259,8263,,,,,,21,65.0,77.0,8264.0,8276.0,,,,,verb.body,1
98,1,roll,30,34,8405,8409,,,,,,21,35.0,43.0,8410.0,8418.0,,,,,verb.motion,1
99,0,do,7,9,8435,8437,21,3.0,6.0,8431.0,8434.0,,10.0,25.0,8438.0,8453.0,,,,,verb.social,1
99,2,cause,31,36,8459,8464,,15.0,25.0,8443.0,8453.0,21,37.0,59.0,8465.0,8487.0,,,,,verb.creation,1
99,3,grow,49,53,8477,8481,21,37.0,45.0,8465.0,8473.0,,,,,,,,,,verb.change,1
100,3,do,42,44,8578,8580,21,0.0,8.0,8536.0,8544.0,,,,,,,,,,verb.social,1
101,0,crawled,3,10,8596,8603,21,0.0,2.0,8593.0,8595.0,,11.0,30.0,8604.0,8623.0,35.0,60.0,8628.0,8653.0,verb.motion,1
102,0,picked,8,14,8663,8669,21,0.0,2.0,8655.0,8657.0,,15.0,54.0,8670.0,8709.0,,,,,verb.contact,1
102,2,rolled,60,66,8715,8721,21,0.0,2.0,8655.0,8657.0,21,67.0,74.0,8722.0,8729.0,75.0,82.0,8730.0,8737.0,verb.contact,1
103,2,saw,51,54,8790,8793,21,48.0,50.0,8787.0,8789.0,21,55.0,87.0,8794.0,8826.0,,,,,verb.creation,1
103,3,growing,74,81,8813,8820,21,55.0,73.0,8794.0,8812.0,,,,,,,,,,verb.change,1
104,1,felt,24,28,8852,8856,21,21.0,23.0,8849.0,8851.0,21,29.0,75.0,8857.0,8903.0,,,,,verb.emotion,1
104,3,done,44,48,8872,8876,21,37.0,39.0,8865.0,8867.0,,,,,,,,,,verb.creation,1
106,3,helped,58,64,9009,9015,,33.0,46.0,8984.0,8997.0,21,65.0,68.0,9016.0,9019.0,,,,,verb.contact,1
106,5,said,101,105,9052,9056,21,0.0,2.0,8951.0,8953.0,21,108.0,163.0,9059.0,9114.0,,,,,verb.communication,1
106,7,express,117,124,9068,9075,21,108.0,109.0,9059.0,9060.0,21,125.0,127.0,9076.0,9078.0,128.0,163.0,9079.0,9114.0,verb.communication,1
106,9,done,152,156,9103,9107,21,139.0,142.0,9090.0,9093.0,21,157.0,163.0,9108.0,9114.0,,,,,verb.social,1
107,1,do,25,27,9141,9143,,,,,,21,28.0,37.0,9144.0,9153.0,46.0,55.0,,,verb.social,1
108,0,tell,7,11,9180,9184,,,,,,21,12.0,14.0,9185.0,9187.0,,,,,verb.communication,1
109,1,think,27,32,9229,9234,21,23.0,26.0,9225.0,9228.0,84,33.0,35.0,9235.0,9237.0,,,,,verb.cognition,1
110,2,answered,53,61,9292,9300,"8,84",18.0,25.0,9257.0,9264.0,84,62.0,69.0,9301.0,9308.0,,,,,verb.communication,1
112,2,called,40,46,9407,9413,,19.0,39.0,9386.0,9406.0,9,47.0,53.0,9414.0,9420.0,,,,,verb.communication,1
112,5,find,120,124,9487,9491,,,,,,150,125.0,128.0,9492.0,9495.0,,,,,verb.possession,1
112,6,ask,136,139,9503,9506,,,,,,"150,148",140.0,143.0,9507.0,9510.0,,,,,verb.communication,1
112,7,marry,147,152,9514,9519,150,140.0,143.0,9507.0,9510.0,148,153.0,164.0,9520.0,9531.0,,,,,verb.social,1
113,2,walking,55,62,9588,9595,21,50.0,51.0,9583.0,9584.0,,,,,,,,,,verb.motion,1
114,0,humbled,9,16,9654,9661,21,0.0,8.0,9645.0,9653.0,21,17.0,24.0,9662.0,9669.0,25.0,125.0,9670.0,9770.0,verb.social,1
114,1,worshiped,107,116,9752,9761,8,32.0,70.0,9677.0,9715.0,107,117.0,125.0,9762.0,9770.0,,,,,verb.social,1
115,1,know,15,19,9787,9791,8,5.0,6.0,9777.0,9778.0,"8,21",20.0,55.0,9792.0,9827.0,,,,,verb.cognition,1
117,1,believe,20,27,9879,9886,,,,,,"21,8,156,153,155",28.0,107.0,9887.0,9966.0,,,,,verb.cognition,1
117,2,sent,56,60,9915,9919,,38.0,51.0,9897.0,9910.0,8,61.0,63.0,9920.0,9922.0,,,,,verb.motion,1
117,3,bathe,67,72,9926,9931,8,38.0,63.0,9897.0,9922.0,,,,,,,,,,verb.body,1
118,2,gone,59,63,10027,10031,"156,21",40.0,53.0,10008.0,10021.0,,,,,,,,,,verb.motion,1
118,3,seek,67,71,10035,10039,"156,21",21.0,24.0,9989.0,9992.0,,,,,,,,,,verb.contact,1
118,5,refuse,78,84,10046,10052,"157,156,21",21.0,71.0,9989.0,10039.0,"156,160,159",85.0,115.0,10053.0,10083.0,,,,,verb.communication,1
119,1,prefer,9,15,10094,10100,157,0.0,3.0,10085.0,10088.0,21,16.0,19.0,10101.0,10104.0,,,,,verb.emotion,1
120,2,win,30,33,10163,10166,21,21.0,24.0,10154.0,10157.0,157,34.0,43.0,10167.0,10176.0,44.0,70.0,10177.0,10203.0,verb.possession,1
120,3,intending,52,61,10185,10194,21,21.0,24.0,10154.0,10157.0,,62.0,70.0,10195.0,10203.0,,,,,verb.cognition,1
120,6,ask,85,88,10218,10221,157,76.0,79.0,10209.0,10212.0,"161,21",89.0,105.0,10222.0,10238.0,,,,,verb.communication,1
121,0,took,22,26,10263,10267,8,0.0,21.0,10241.0,10262.0,,27.0,58.0,10268.0,10299.0,,,,,verb.perception,1
121,3,went,98,102,10339,10343,8,0.0,21.0,10241.0,10262.0,,103.0,113.0,10344.0,10354.0,114.0,121.0,10355.0,10362.0,verb.motion,1
121,4,overtook,131,139,10372,10380,8,0.0,21.0,10241.0,10262.0,110,140.0,152.0,10381.0,10393.0,,,,,verb.motion,1
122,0,found,3,8,10398,10403,,0.0,2.0,10395.0,10397.0,"157,110",9.0,47.0,10404.0,10442.0,,,,,verb.possession,1
122,1,entering,19,27,10414,10422,110,9.0,13.0,10404.0,10408.0,157,28.0,47.0,10423.0,10442.0,,,,,verb.motion,1
123,4,persuaded,53,62,10497,10506,157,27.0,39.0,10471.0,10483.0,"115,116,114",63.0,105.0,10507.0,10549.0,,,,,verb.social,1
124,0,looked,13,19,10564,10570,157,9.0,12.0,10560.0,10563.0,117,20.0,46.0,10571.0,10597.0,,,,,verb.perception,1
124,1,went,51,55,10602,10606,157,47.0,50.0,10598.0,10601.0,117,56.0,74.0,10607.0,10625.0,,,,,verb.motion,1
124,2,said,79,83,10630,10634,157,47.0,50.0,10598.0,10601.0,"157,117",86.0,133.0,10637.0,10684.0,,,,,verb.communication,1
124,3,give,95,99,10646,10650,"157,117",86.0,92.0,10637.0,10643.0,157,100.0,106.0,10651.0,10657.0,,,,,verb.possession,1
126,1,worshiped,25,34,10741,10750,119,0.0,21.0,10716.0,10737.0,120,35.0,71.0,10751.0,10787.0,73.0,81.0,10789.0,10797.0,verb.social,1
126,3,become,100,106,10816,10822,,87.0,95.0,10803.0,10811.0,63,107.0,113.0,10823.0,10829.0,114.0,116.0,10830.0,10832.0,verb.change,1
127,0,became,9,15,10869,10875,,4.0,8.0,10864.0,10868.0,"124,51",16.0,46.0,10876.0,10906.0,,,,,verb.change,1
127,1,knows,41,46,10901,10906,"124,51",4.0,33.0,10864.0,10893.0,,,,,,,,,,verb.cognition,1
